type,name,usage_count,node_types,civitai_name,civitai_id,version,download_url,page_url,workflows
checkpoint,Zimage-aio\Z-Image-Anime-AIO-FP8_V1.safetensors,13,CheckpointLoaderSimple,Eldritch Ink Art for Z-Image,2597137,,https://civitai.com/api/download/models/2917439,https://civitai.com/models/2597137,For循环Zimage文图+seedvr2(1).json; For循环Zimage文图+seedvr2(1).json; For循环Zimage文图+seedvr2(1)_20260317_114852.json
checkpoint,sdpose_wholebody_fp16.safetensors,10,CheckpointLoaderSimple,Z-Image-ControlNet + SDPOSE + second-order Refiner,2195512,,https://civitai.com/api/download/models/2472063,https://civitai.com/models/2195512,1 (1)(1)_20260406_094458.json; 1超级王炸 【分段队列】【 自动拼接长视频】【人物丝滑换装】By_肥猴(1).json; bodyratiomapper_officail_sdpose(2).json
checkpoint,ltx-2.3-22b-dev.safetensors,8,CheckpointLoaderSimple,"LTX-2.3, simple workflow. T2V,  I2V, I2V external audio, FFLF",2593905,,https://civitai.com/api/download/models/2918575,https://civitai.com/models/2593905,LTX+2.3+多帧生视频+电影级效果（支持音频传入）.json; LTX2.3局部重绘.json; ltx2.3数字人.json
checkpoint,ltx-2.3-22b-dev-fp8.safetensors,7,CheckpointLoaderSimple,"LTX-2.3, simple workflow. T2V,  I2V, I2V external audio, FFLF",2593905,,https://civitai.com/api/download/models/2918575,https://civitai.com/models/2593905,LTX 2.3图生视频_文生视频工作流.json; LTX-2.3配音术升级版：输入台词就能生成短剧！FishAudio+S2+++LTX-2.3实战.json; LTX2.3南风阳平分镜.json
checkpoint,ltx-2-19b-dev-fp8.safetensors,4,CheckpointLoaderSimple,"LTX-2.3, simple workflow. T2V,  I2V, I2V external audio, FFLF",2593905,,https://civitai.com/api/download/models/2918575,https://civitai.com/models/2593905,LTX-2+文生视频低显存版(1).json; ltx-video-and-audio-extend.json; LTX2.0文生视频.json
checkpoint,waiIllustriousSDXL_v160.safetensors,4,CheckpointLoaderSimple,Pony Diffusion V6 XL,257749,,https://civitai.com/api/download/models/290640,https://civitai.com/models/257749,T2I image generator 3.0(1).json; T2I image generator 3.0(1).json; 图片(1).json
checkpoint,Qwen-Rapid-AIO-NSFW-v19.safetensors,3,CheckpointLoaderSimple,"iGEN ONE (ZImage, Ernie, FLUX1/2, Qwen, HiDream, Nunchaku)",2572843,,https://civitai.com/api/download/models/2914452,https://civitai.com/models/2572843,aio动漫转真人 垃圾佬.json; 千问转真人 垃圾佬.json; 转真人(1).json
checkpoint,XL-写实\IL-perfectionRealisticILXL_33.safetensors,3,CheckpointLoaderSimple,ao_no_kanata_no_four_rhythm_characters_4in1_IL,2597947,,https://civitai.com/api/download/models/2918319,https://civitai.com/models/2597947,▶▶ZITB+F2K+NSW修复+高清(整合流)(1).json; ★NSW修复流-V2.json; 黑鹤001-NSW修复流-V2+(手涂遮罩版).json
checkpoint,10Eros_v1-fp8mixed_learned.safetensors,2,CheckpointLoaderSimple,Pony Diffusion V6 XL,257749,,https://civitai.com/api/download/models/290640,https://civitai.com/models/257749,10Eros_10SNodes_TripleSample_Custom-Audio-Music-Video(1).json; 10Eros_10SNodes_TripleSample_I2V(1).json
checkpoint,ltx-2.3-22b-distilled-fp8.safetensors,2,CheckpointLoaderSimple,"LTX-2.3, simple workflow. T2V,  I2V, I2V external audio, FFLF",2593905,,https://civitai.com/api/download/models/2918575,https://civitai.com/models/2593905,LTX-2.3-图-文-生视频(1).json; 首尾 OLLAMA 工作流 完美版.json
checkpoint,ltx2.3\ltx-2.3-22b-dev.safetensors,2,CheckpointLoaderSimple,"LTX-2.3, simple workflow. T2V,  I2V, I2V external audio, FFLF",2593905,,https://civitai.com/api/download/models/2918575,https://civitai.com/models/2593905,LTX2.3-多帧视频(1).json; LTX2.3南风阳平分镜1.json
checkpoint,ltx-2.3-22b-dev-fp8mixed.safetensors,2,CheckpointLoaderSimple,"LTX-2.3, simple workflow. T2V,  I2V, I2V external audio, FFLF",2593905,,https://civitai.com/api/download/models/2918575,https://civitai.com/models/2593905,lTX2.3全能参考结合多关键帧.json; 【LTX2.3】四宫格生视频 (单采).json
checkpoint,sulphur_dev_fp8mixed.safetensors,2,CheckpointLoaderSimple,[Illustrious]マジアサルファ(天川薫子)[tenkawa kaoruko(magia sulphur)]-魔法少女にあこがれて(mahou shoujo ni akogarete),1039577,,https://civitai.com/api/download/models/1166216,https://civitai.com/models/1039577,ltx23_i2v_sulphur2.json; 【LTX2.3】i2v_sulphur(1).json
checkpoint,v19\Qwen-Rapid-AIO-SFW-v19.safetensors,2,CheckpointLoaderSimple,"iGEN ONE (ZImage, Ernie, FLUX1/2, Qwen, HiDream, Nunchaku)",2572843,,https://civitai.com/api/download/models/2914452,https://civitai.com/models/2572843,QIEAIO镜头选择(1).json; QIEAIO镜头选择(2).json
checkpoint,v22\Qwen-Rapid-AIO-SFW-v22.safetensors,2,CheckpointLoaderSimple,"iGEN ONE (ZImage, Ernie, FLUX1/2, Qwen, HiDream, Nunchaku)",2572843,,https://civitai.com/api/download/models/2914452,https://civitai.com/models/2572843,Qwen-Eidt 双图局部重绘(1).json; Qwen-Rapid-AIO_edit_2 (2).json
checkpoint,Qwen\Qwen-Rapid-AIO-SFW-v5.safetensors,2,CheckpointLoaderSimple,"iGEN ONE (ZImage, Ernie, FLUX1/2, Qwen, HiDream, Nunchaku)",2572843,,https://civitai.com/api/download/models/2914452,https://civitai.com/models/2572843,Qwen2509融图.json; QwenRapidAIO合集by像素幻想(1).json
checkpoint,sdxl\PornMaster-Pro-SDXL-V7-VAE.safetensors,2,CheckpointLoaderSimple,PornMaster [Flux2 Klein 9b base] t2i Workflow,2382745,,https://civitai.com/api/download/models/2679442,https://civitai.com/models/2382745,SDXL基础文生图（主要面部修复）.json; SDXL基础文生图（主要面部修复）.json
checkpoint,ltx-2.3-20b-dev.safetensors,2,CheckpointLoaderSimple,"LTX-2.3, simple workflow. T2V,  I2V, I2V external audio, FFLF",2593905,,https://civitai.com/api/download/models/2918575,https://civitai.com/models/2593905,video_ltx2_3_i2v.json; video_ltx2_3_t2v.json
checkpoint,ZIMAGE\Full-Red-Z-image_15AIO_ bf16.safetensors,2,CheckpointLoaderSimple,Minato Yukina - Full Focus on My Fingertips (BanG Dream!),2599160,,https://civitai.com/api/download/models/2919677,https://civitai.com/models/2599160,Work-Fisher12.26一键动漫转真人（支持各种画风）(1).json; 【Work-Fisher】【12.26】一键动漫转真人（支持各种画风）(2).json
checkpoint,XL-写实\XL-epicrealismXL_vxviLastfameRealism.safetensors,2,CheckpointLoaderSimple,[illustrious XL] 7 in 1，《Tales of Phantasia》/《幻想传说》，Kousuke Fujishima/藤岛康介- Artist Style,2597053,,https://civitai.com/api/download/models/2917348,https://civitai.com/models/2597053,★NSW修复流-V2.json; ★NSW修复流-V3(1).json
checkpoint,ltx-2-3-22b-dev_transformer_only_fp8_input_scaled.safetensors,2,CheckpointLoaderSimple,"LTX-2.3, simple workflow. T2V,  I2V, I2V external audio, FFLF",2593905,,https://civitai.com/api/download/models/2918575,https://civitai.com/models/2593905,【LTX-2.3】首尾帧.json; 【LTX2.3】换脸.json
checkpoint,10Eros_v1_bf16.safetensors,1,CheckpointLoaderSimple,Pony Diffusion V6 XL,257749,,https://civitai.com/api/download/models/290640,https://civitai.com/models/257749,10Eros_10SNodes_TripleSample_I2V(2).json
checkpoint,10Eros_LTX2.3_fp8.safetensors,1,CheckpointLoaderSimple,Pony Diffusion V6 XL,257749,,https://civitai.com/api/download/models/290640,https://civitai.com/models/257749,10Eros_i2v(1).json
checkpoint,AIO\Qwen-Rapid-AIO-NSFW-v19.safetensors,1,CheckpointLoaderSimple,"iGEN ONE (ZImage, Ernie, FLUX1/2, Qwen, HiDream, Nunchaku)",2572843,,https://civitai.com/api/download/models/2914452,https://civitai.com/models/2572843,2511-姿势迁移（自用）(2).json
checkpoint,redzV15Bf16AIO.safetensors,1,CheckpointLoaderSimple,Pony Diffusion V6 XL,257749,,https://civitai.com/api/download/models/290640,https://civitai.com/models/257749,AI代码侠土豆-Red-Z-Image_AIO文生图.json
checkpoint,sdpose_wholebody_fp16人体姿态检测.safetensors,1,CheckpointLoaderSimple,Z-Image-ControlNet + SDPOSE + second-order Refiner,2195512,,https://civitai.com/api/download/models/2472063,https://civitai.com/models/2195512,Animate-Z视频人物替换（SD映射版（谢谢wuwukaka）.json
checkpoint,wan2.2-smooth.safetensors,1,CheckpointLoaderSimple,Wan 2.2 image to video,2572452,,https://civitai.com/api/download/models/2890303,https://civitai.com/models/2572452,code_20260331(1).json
checkpoint,DarkBeastZ-AIOBF16.safetensors,1,CheckpointLoaderSimple,Pony Diffusion V6 XL,257749,,https://civitai.com/api/download/models/290640,https://civitai.com/models/257749,DBZ_00100_(1).json
checkpoint,gonzalomoXLFluxPony_v60PhotoXLDMD.safetensors,1,CheckpointLoaderSimple,Pony Diffusion V6 XL,257749,,https://civitai.com/api/download/models/290640,https://civitai.com/models/257749,gonzaLomo_Z-Image_Refiner_v11.json
checkpoint,divingIllustriousReal_v70VAE.safetensors,1,CheckpointLoaderSimple,Pony Diffusion V6 XL,257749,,https://civitai.com/api/download/models/290640,https://civitai.com/models/257749,illustrious V1.json
checkpoint,ltx2\ltx-2.3-22b-dev.safetensors,1,CheckpointLoaderSimple,"LTX-2.3, simple workflow. T2V,  I2V, I2V external audio, FFLF",2593905,,https://civitai.com/api/download/models/2918575,https://civitai.com/models/2593905,LTX-2_3 I2V ID-Lora Vs No ID-Lora 20260325(1).json
checkpoint,ltx2.3\ltx-2.3-22b-dev-fp8.safetensors,1,CheckpointLoaderSimple,"LTX-2.3, simple workflow. T2V,  I2V, I2V external audio, FFLF",2593905,,https://civitai.com/api/download/models/2918575,https://civitai.com/models/2593905,ltx2.3配音效.json
checkpoint,LTX2.3\ltx-2.3-22b-dev.safetensors,1,CheckpointLoaderSimple,"LTX-2.3, simple workflow. T2V,  I2V, I2V external audio, FFLF",2593905,,https://civitai.com/api/download/models/2918575,https://civitai.com/models/2593905,LTX_2.3_i2v_图生视频.json
checkpoint,Qwen--AIO-NSFW-v18.safetensors,1,CheckpointLoaderSimple,"iGEN ONE (ZImage, Ernie, FLUX1/2, Qwen, HiDream, Nunchaku)",2572843,,https://civitai.com/api/download/models/2914452,https://civitai.com/models/2572843,Qwen+Imge+Edit+2511+Native+Shift+Fix(1).json
checkpoint,QWEN\Qwen-Rapid-AIO-NSFW-v18.safetensors,1,CheckpointLoaderSimple,"iGEN ONE (ZImage, Ernie, FLUX1/2, Qwen, HiDream, Nunchaku)",2572843,,https://civitai.com/api/download/models/2914452,https://civitai.com/models/2572843,QWEN-2511-AIO合集.json
checkpoint,Qwen-Rapid-AIO-NSFW-v18.safetensors,1,CheckpointLoaderSimple,"iGEN ONE (ZImage, Ernie, FLUX1/2, Qwen, HiDream, Nunchaku)",2572843,,https://civitai.com/api/download/models/2914452,https://civitai.com/models/2572843,qwen-edit-2511-换脸(升级版).json
checkpoint,Qwen-Image-Edit-Remix-AIO-v2.0.safetensors,1,CheckpointLoaderSimple,"iGEN ONE (ZImage, Ernie, FLUX1/2, Qwen, HiDream, Nunchaku)",2572843,,https://civitai.com/api/download/models/2914452,https://civitai.com/models/2572843,Qwen-Eidt 双图局部重绘(3).json
checkpoint,v22\Qwen-Rapid-AIO-NSFW-v22.safetensors,1,CheckpointLoaderSimple,"iGEN ONE (ZImage, Ernie, FLUX1/2, Qwen, HiDream, Nunchaku)",2572843,,https://civitai.com/api/download/models/2914452,https://civitai.com/models/2572843,Qwen-Rapid-AIO_edit_2 (1)(1).json
checkpoint,v17\Qwen-Rapid-AIO-NSFW-v17.safetensors,1,CheckpointLoaderSimple,"iGEN ONE (ZImage, Ernie, FLUX1/2, Qwen, HiDream, Nunchaku)",2572843,,https://civitai.com/api/download/models/2914452,https://civitai.com/models/2572843,Qwen-Rapid-AIO_edit_2(1).json
checkpoint,Qwen-Rapid-AIO-NSFW-v23.safetensors,1,CheckpointLoaderSimple,"iGEN ONE (ZImage, Ernie, FLUX1/2, Qwen, HiDream, Nunchaku)",2572843,,https://civitai.com/api/download/models/2914452,https://civitai.com/models/2572843,QwenAIO姿态编辑(1).json
checkpoint,Qwen\Qwen-Rapid-AIO-NSFW-v14.safetensors,1,CheckpointLoaderSimple,"iGEN ONE (ZImage, Ernie, FLUX1/2, Qwen, HiDream, Nunchaku)",2572843,,https://civitai.com/api/download/models/2914452,https://civitai.com/models/2572843,QwenRapidAIO自动分镜（支持NSFW）(1)(2).json
checkpoint,turbovisionxlSuperFastXLBasedOnNew_tvxlV431Bakedvae.safetensors,1,CheckpointLoaderSimple,Pony Diffusion V6 XL,257749,,https://civitai.com/api/download/models/290640,https://civitai.com/models/257749,Ultimate Creative Workflow(2).json
checkpoint,waiNsfwIllustrious16.bhnI.safetensors,1,CheckpointLoaderSimple,Pony Diffusion V6 XL,257749,,https://civitai.com/api/download/models/290640,https://civitai.com/models/257749,WAI-NSFW-illustriousV16.json
checkpoint,IL-perfectionRealisticILXL_33.safetensors,1,CheckpointLoaderSimple,ao_no_kanata_no_four_rhythm_characters_4in1_IL,2597947,,https://civitai.com/api/download/models/2918319,https://civitai.com/models/2597947,Work-Fisher12.09RED-Z-IMAGE-AIO-大合集.json
checkpoint,Full-Red-Z-image_15AIO_ bf16.safetensors,1,CheckpointLoaderSimple,Minato Yukina - Full Focus on My Fingertips (BanG Dream!),2599160,,https://civitai.com/api/download/models/2919677,https://civitai.com/models/2599160,Work-Fisher12.09RED-Z-IMAGE-AIO-大合集.json
checkpoint,ZImage\Full-Red-Z-image_15AIO_ bf16.safetensors,1,CheckpointLoaderSimple,Minato Yukina - Full Focus on My Fingertips (BanG Dream!),2599160,,https://civitai.com/api/download/models/2919677,https://civitai.com/models/2599160,Work-Fisher12.09RED-Z-IMAGE-AIO-大合集.json
checkpoint,z_image_turbo_bf16.safetensors,1,BizyAir_CheckpointLoaderSimple,Eldritch Ink Art for Z-Image,2597137,,https://civitai.com/api/download/models/2917439,https://civitai.com/models/2597137,Zimg bizyair(1).json
checkpoint,oneObsession_v16Noobai.safetensors,1,CheckpointLoaderSimple,OneObsession HybridTheory  NoobAi+Illustrious,2558457,,https://civitai.com/api/download/models/2875148,https://civitai.com/models/2558457,[實驗性 娛樂]四模融合v1.0.json
checkpoint,oneObsession_17RED.safetensors,1,CheckpointLoaderSimple,OneObsession HybridTheory  NoobAi+Illustrious,2558457,,https://civitai.com/api/download/models/2875148,https://civitai.com/models/2558457,[實驗性 娛樂]四模融合v1.0.json
checkpoint,oneObsession_v20Bold.safetensors,1,CheckpointLoaderSimple,OneObsession HybridTheory  NoobAi+Illustrious,2558457,,https://civitai.com/api/download/models/2875148,https://civitai.com/models/2558457,[實驗性 娛樂]四模融合v1.0.json
checkpoint,oneObsession_v21Experiment.safetensors,1,CheckpointLoaderSimple,OneObsession HybridTheory  NoobAi+Illustrious,2558457,,https://civitai.com/api/download/models/2875148,https://civitai.com/models/2558457,[實驗性 娛樂]四模融合v1.0.json
checkpoint,waiIllustriousSDXL_v150.safetensors,1,CheckpointLoaderSimple,Pony Diffusion V6 XL,257749,,https://civitai.com/api/download/models/290640,https://civitai.com/models/257749,[實驗性 娛樂]四模融合v1.0.json
checkpoint,XL-写实\XL-lustifySDXL_oltFIXEDTEXTURES.safetensors,1,CheckpointLoaderSimple,[illustrious XL] 7 in 1，《Tales of Phantasia》/《幻想传说》，Kousuke Fujishima/藤岛康介- Artist Style,2597053,,https://civitai.com/api/download/models/2917348,https://civitai.com/models/2597053,★NSW修复流-V2.json
checkpoint,ltx-2.3-22b-distilled-1.1_transformer_only_mxfp8_block32.safetensors,1,CheckpointLoaderSimple,"LTX-2.3, simple workflow. T2V,  I2V, I2V external audio, FFLF",2593905,,https://civitai.com/api/download/models/2918575,https://civitai.com/models/2593905,【LTX2.3】V2V_Extend_Video.json
checkpoint,ZIMAGE\redcraft_zibDistilledDX3Lucis.safetensors,1,CheckpointLoaderSimple,RedCraft Exported LoRAs,964312,,https://civitai.com/api/download/models/1079646,https://civitai.com/models/964312,【涩涩】※一键动漫转真人(1).json
checkpoint,QWEN\Qwen-Rapid-AIO-NSFW-v23.safetensors,1,CheckpointLoaderSimple,"iGEN ONE (ZImage, Ernie, FLUX1/2, Qwen, HiDream, Nunchaku)",2572843,,https://civitai.com/api/download/models/2914452,https://civitai.com/models/2572843,【涩涩】※一键动漫转真人(1).json
checkpoint,Juggernaut-XL_v9_RunDiffusionPhoto_v2.safetensors,1,CheckpointLoaderSimple,Juggernaut Impasto Z LoRA,2185522,,https://civitai.com/api/download/models/2460825,https://civitai.com/models/2185522,分块高清放大修复-手动-Power Puter-20251204  .json
checkpoint,Qwen-Rapid-AIO-NSFW-v13.safetensors,1,CheckpointLoaderSimple,"iGEN ONE (ZImage, Ernie, FLUX1/2, Qwen, HiDream, Nunchaku)",2572843,,https://civitai.com/api/download/models/2914452,https://civitai.com/models/2572843,千问2509溶图-全自动处理图片(1).json
checkpoint,Qwen\Qwen-Rapid-AIO-NSFW-v18.safetensors,1,CheckpointLoaderSimple,"iGEN ONE (ZImage, Ernie, FLUX1/2, Qwen, HiDream, Nunchaku)",2572843,,https://civitai.com/api/download/models/2914452,https://civitai.com/models/2572843,千问2511-文生图-图片编辑12.30(1).json
checkpoint,cityedge2dtoonmix_v306.safetensors,1,CheckpointLoaderSimple,Pony Diffusion V6 XL,257749,,https://civitai.com/api/download/models/290640,https://civitai.com/models/257749,视频去频闪.json
checkpoint,1.5模型\麦橘_v7_国内模.safetensors,1,CheckpointLoaderSimple,[illustrious XL] Chocolate Shop /CHOCO/麦谷興一 ，KOS-MOS - Artist Style,2136610,,https://civitai.com/api/download/models/2416871,https://civitai.com/models/2136610,高清脱_V2.json
checkpoint,realvisxlV50_v50Bakedvae.safetensors,1,CheckpointLoaderSimple,Pony Diffusion V6 XL,257749,,https://civitai.com/api/download/models/290640,https://civitai.com/models/257749,👨🏻Qwen_edit plus 2509-换头_换脸-F2P-聚焦裁剪-手动遮罩版(1).json
clip,qwen_3_4b.safetensors,70,CLIPLoader,"iGEN ONE (ZImage, Ernie, FLUX1/2, Qwen, HiDream, Nunchaku)",2572843,,https://civitai.com/api/download/models/2914452,https://civitai.com/models/2572843,1-Aiden-Zimage增强细节-高清放大lora工作流 (1)(1).json; AI代码侠土豆 瑶光电商图专用_换产品_衣服(1).json; AI代码侠土豆-I2V数字人合集(1).json
clip,qwen_2.5_vl_7b_fp8_scaled.safetensors,66,CLIPLoader; ClipLoaderGGUF,"iGEN ONE (ZImage, Ernie, FLUX1/2, Qwen, HiDream, Nunchaku)",2572843,,https://civitai.com/api/download/models/2914452,https://civitai.com/models/2572843,(M-V1)任意图像转换成真实风格图像 .json; 2511+镜头选择-单个(1).json; AIGC特异点-人物角色多角度丨一张图出全角度丨一次16张视角(1).json
clip,qwen_3_8b_fp8mixed.safetensors,42,CLIPLoader,"iGEN ONE (ZImage, Ernie, FLUX1/2, Qwen, HiDream, Nunchaku)",2572843,,https://civitai.com/api/download/models/2914452,https://civitai.com/models/2572843,+人物一键三视图+Flux2+Klein（6G显存即可使用）(1).json; Flux.2 Klein Enhancer工作流(1).json; Flux2+Klein+人物替换+场景保持+工作流（6G显存可用）(1).json
clip,umt5_xxl_fp8_e4m3fn_scaled.safetensors,20,CLIPLoader,Pony Diffusion V6 XL,257749,,https://civitai.com/api/download/models/290640,https://civitai.com/models/257749,1 Wan2.2质量文生图+TTP高阶放大（全网ID ：楚门的AI世界）(1).json; Animate高质量动作迁移无限流（全自动五层）(1).json; InfiniteTalk官方节点For循环(test260122).json
clip,gemma_3_12B_it_fp8_e4m3fn.safetensors,16,CLIPLoader; DualCLIPLoader; DualCLIPLoaderGGUF,Gemma from Monster Hunter [IllustriousXL],2174929,,https://civitai.com/api/download/models/2449219,https://civitai.com/models/2174929,1(1).json; 10Eros_10SNodes_TripleSample_I2V(2).json; 10Eros_i2v(1).json
clip,Qwen\qwen_2.5_vl_7b_fp8_scaled.safetensors,15,CLIPLoader,"iGEN ONE (ZImage, Ernie, FLUX1/2, Qwen, HiDream, Nunchaku)",2572843,,https://civitai.com/api/download/models/2914452,https://civitai.com/models/2572843,08.FireRed-Image-Edit合集(1).json; 2511-合集版12.27(1).json; QWEN-2511-AIO合集.json
clip,umt5_xxl_fp16.safetensors,12,CLIPLoader,Pony Diffusion V6 XL,257749,,https://civitai.com/api/download/models/290640,https://civitai.com/models/257749,231-SVI-Pro-图生长视频512P.json; Qwen3-VL反推视频提示词(1).json; WAN2.2-RemixV2-I2V图生视频_首尾帧视频.json
clip,gemma_3_12B_it_fpmixed.safetensors,12,DualCLIPLoader,Gemma from Monster Hunter [IllustriousXL],2174929,,https://civitai.com/api/download/models/2449219,https://civitai.com/models/2174929,LTX-2 - T2V Basic.json; LTX2-I2V(1).json; LTX2-IS2V(1).json
clip,gemma_3_12B_it_fp4_mixed.safetensors,12,DualCLIPLoader,Gemma from Monster Hunter [IllustriousXL],2174929,,https://civitai.com/api/download/models/2449219,https://civitai.com/models/2174929,LTX-2.3-人物lora一键MV翻唱（后续不更新）.json; LTX-2.3三图首尾.json; LTX-2.3四宫格.json
clip,qwen_0.6b_ace15.safetensors,10,DualCLIPLoader,"iGEN ONE (ZImage, Ernie, FLUX1/2, Qwen, HiDream, Nunchaku)",2572843,,https://civitai.com/api/download/models/2914452,https://civitai.com/models/2572843,ACE-Step1.5XL_双采推荐_三采实验_工作流.json; ACE-Step1.5XL_双采推荐_三采实验_工作流.json; ACE-Step1.5XL_双采推荐_三采实验_工作流.json
clip,z\qwen_3_4b.safetensors,8,CLIPLoader,"iGEN ONE (ZImage, Ernie, FLUX1/2, Qwen, HiDream, Nunchaku)",2572843,,https://civitai.com/api/download/models/2914452,https://civitai.com/models/2572843,wdddd(1).json; wdddd(1).json; wdddd(2).json
clip,qwen_3_8b.safetensors,7,CLIPLoader,"iGEN ONE (ZImage, Ernie, FLUX1/2, Qwen, HiDream, Nunchaku)",2572843,,https://civitai.com/api/download/models/2914452,https://civitai.com/models/2572843,base+klein+seed（抽卡）.json; Flux2-Klein高清放大到8K-更强-嘟嘟.json; q0403 (33)(1).json
clip,clip_l.safetensors,7,DualCLIPLoader,Gwen Tennyson - Ben 10,2578828,,https://civitai.com/api/download/models/2897188,https://civitai.com/models/2578828,DyPE-Flux-Nunchaku-workflow.json; DyPE-Flux-workflow.json; nunchaku-flux.1-kontext-dev.json
clip,gemma-3-12b-it-Q4_K_S.gguf,5,DualCLIPLoaderGGUF,Gemma from Monster Hunter [IllustriousXL],2174929,,https://civitai.com/api/download/models/2449219,https://civitai.com/models/2174929,2.3去字8G可用.json; LTX2.3 (1).json; LTX2.3 (1).json
clip,Qwen\qwen_3_4b.safetensors,5,CLIPLoader,"iGEN ONE (ZImage, Ernie, FLUX1/2, Qwen, HiDream, Nunchaku)",2572843,,https://civitai.com/api/download/models/2914452,https://civitai.com/models/2572843,z+dype(2).json; Z-B-T.json; ZIB + ZIT涩涩双采+Klein高清.json
clip,wan2.2\nsfw_wan_umt5-xxl_fp8_scaled.safetensors,4,CLIPLoader,nsfw z-image Romantic Red Evening Elegance – Strapless Floral Ruffle Gown With Cross-Lace Heels,2581641,,https://civitai.com/api/download/models/2900350,https://civitai.com/models/2581641,1.Wan_2.2REMIX V2 NSFW 图生视频.json; 2.Wan2.2_REMIX V2 NSFW 首尾帧视频.json; 3.Wan2.2_REMIX V2 首-中-尾三帧视频.json
clip,gemma_3_12B_it_fp8_scaled.safetensors,4,DualCLIPLoader,Gemma from Monster Hunter [IllustriousXL],2174929,,https://civitai.com/api/download/models/2449219,https://civitai.com/models/2174929,LTX2.3 文生视频(1).json; LTX2.3 文生视频-1.json; LTX2.3 文生视频-3 (1)(1).json
clip,ltx2\gemma_3_12B_it_fp8_scaled.safetensors,4,DualCLIPLoader,Gemma from Monster Hunter [IllustriousXL],2174929,,https://civitai.com/api/download/models/2449219,https://civitai.com/models/2174929,LTX2.3局部重绘.json; ltx2_3_i2v(1).json; ltx2_3_i2v.json
clip,nsfw_wan_umt5-xxl_fp8_scaled.safetensors,4,CLIPLoader,nsfw z-image Romantic Red Evening Elegance – Strapless Floral Ruffle Gown With Cross-Lace Heels,2581641,,https://civitai.com/api/download/models/2900350,https://civitai.com/models/2581641,Wan2.2 Remix i2v 2.1 图生视频VBVR推理强化工作流-Qwen3 VQA版 (1).json; ▶WAN2.2-I2V-Enhanced+MMAudio.json; 动作迁移-视频延长(1).json
clip,Wan\umt5_xxl_fp16.safetensors,3,CLIPLoader,Pony Diffusion V6 XL,257749,,https://civitai.com/api/download/models/290640,https://civitai.com/models/257749,Jwx-DasiwaV9单图漫剧视频生成(1).json; Jwx-DasiwaV9双图首尾帧图生视频(1).json; 【Work-Fisher】【02.01】高动态音画视频口型一条龙-支持单图、首尾帧.json
clip,qwen_2.5_vl_7b.safetensors,3,CLIPLoader,"iGEN ONE (ZImage, Ernie, FLUX1/2, Qwen, HiDream, Nunchaku)",2572843,,https://civitai.com/api/download/models/2914452,https://civitai.com/models/2572843,QwenEdit2511+角色替换+保持手持、前景物品++超强一致性(1).json; 一键生成多视图(1).json; 人物姿势迁移++Qwen_image_edit_2511.json
clip,Qwen\qwen_2.5_vl_7b.safetensors,2,CLIPLoader,"iGEN ONE (ZImage, Ernie, FLUX1/2, Qwen, HiDream, Nunchaku)",2572843,,https://civitai.com/api/download/models/2914452,https://civitai.com/models/2572843,2511-姿势迁移（自用）(1).json; 2511-姿势迁移（自用）(2).json
clip,gemma-3-12b-it-Q5_K_S.gguf,2,DualCLIPLoaderGGUF,Gemma from Monster Hunter [IllustriousXL],2174929,,https://civitai.com/api/download/models/2449219,https://civitai.com/models/2174929,LTX-2.3文图(1).json; LTX-2.3文图(4).json
clip,gemma_3_12B_it.safetensors,2,DualCLIPLoader,Gemma from Monster Hunter [IllustriousXL],2174929,,https://civitai.com/api/download/models/2449219,https://civitai.com/models/2174929,LTX2.3文生视频.json; LTX_2.3_i2v_图生视频.json
clip,WAN\nsfw_wan_umt5-xxl_bf16_fixed.safetensors,2,CLIPLoader,nsfw z-image Romantic Red Evening Elegance – Strapless Floral Ruffle Gown With Cross-Lace Heels,2581641,,https://civitai.com/api/download/models/2900350,https://civitai.com/models/2581641,Wan2.2_SVI_长视频生成_Nsfw (1).json; Wan2.2_SVI_长视频生成_Nsfw .json
clip,qwen3-8b-abliterated-q5_k_m.gguf,2,CLIPLoaderGGUF,Qwen3-TTS Voice Design,2494974,,https://civitai.com/api/download/models/2804686,https://civitai.com/models/2494974,▶flux-2-klein-单-多图编辑(1).json; ▶flux-2-klein-单-多图编辑(1)_20260406_094433.json
clip,Wan\umt5_xxl_fp8_e4m3fn_scaled.safetensors,2,CLIPLoader,Pony Diffusion V6 XL,257749,,https://civitai.com/api/download/models/290640,https://civitai.com/models/257749,▶Infinite Talk首尾帧数字人(1).json; ▶Infinite Talk首尾帧数字人(测试)(1).json
clip,Z-IMAGE\qwen_3_4b.safetensors,2,CLIPLoader,"iGEN ONE (ZImage, Ernie, FLUX1/2, Qwen, HiDream, Nunchaku)",2572843,,https://civitai.com/api/download/models/2914452,https://civitai.com/models/2572843,三采样-Aiden-zimageT+B+fluxklein采样.json; 三采样-Aiden-zimageT+B+fluxklein采样.json
clip,flux-2-klein\qwen_3_8b_fp8mixed.safetensors,2,CLIPLoader,"iGEN ONE (ZImage, Ernie, FLUX1/2, Qwen, HiDream, Nunchaku)",2572843,,https://civitai.com/api/download/models/2914452,https://civitai.com/models/2572843,动漫转真人合集.json; 模糊图片修复(1).json
clip,qwen_3_8B_FluxKlein_9BTE_38b.safetensors,1,CLIPLoader,"iGEN ONE (ZImage, Ernie, FLUX1/2, Qwen, HiDream, Nunchaku)",2572843,,https://civitai.com/api/download/models/2914452,https://civitai.com/models/2572843,0-【本地解码】flux2+klein+“指定位置”+皮肤完美克隆.json
clip,clip_l,1,DualCLIPLoader,Gwen Tennyson - Ben 10,2578828,,https://civitai.com/api/download/models/2897188,https://civitai.com/models/2578828,07_修手(1).json
clip,umt5-xxl-encoder-Q4_K_S.gguf,1,CLIPLoaderGGUF,Pony Diffusion V6 XL,257749,,https://civitai.com/api/download/models/290640,https://civitai.com/models/257749,10.Scail单_双人动作迁移自由切换版(1).json
clip,qwen_3_06b_base.safetensors,1,CLIPLoader,"iGEN ONE (ZImage, Ernie, FLUX1/2, Qwen, HiDream, Nunchaku)",2572843,,https://civitai.com/api/download/models/2914452,https://civitai.com/models/2572843,2k完整-002.json
clip,zImageTurbo_textEncoder.safetensors,1,CLIPLoader,HARUKI MIX Simple ZimageTurbo T2I Workflow + Color Correct + Face Detailer,2591884,,https://civitai.com/api/download/models/2911629,https://civitai.com/models/2591884,DBZ_00100_(1).json
clip,Qwen_3-4B-abliterated.safetensors,1,CLIPLoader,"iGEN ONE (ZImage, Ernie, FLUX1/2, Qwen, HiDream, Nunchaku)",2572843,,https://civitai.com/api/download/models/2914452,https://civitai.com/models/2572843,DyPE-ZIT-workflow.json
clip,mistral_3_small_flux2_bf16.safetensors,1,CLIPLoader,Mistral - Metal Gear Rising: Revengeance [Illustrious],1517628,,https://civitai.com/api/download/models/1717027,https://civitai.com/models/1517628,flux2-图像参考.json
clip,Z\qwen_3_4b_heretic.safetensors,1,CLIPLoader,"iGEN ONE (ZImage, Ernie, FLUX1/2, Qwen, HiDream, Nunchaku)",2572843,,https://civitai.com/api/download/models/2914452,https://civitai.com/models/2572843,Job 51295f1b-6f82-46b8-85bb-cbad83998e2d.json
clip,ltx2\gemma_3_12B_it_fp8_e4m3fn.safetensors,1,DualCLIPLoader,Gemma from Monster Hunter [IllustriousXL],2174929,,https://civitai.com/api/download/models/2449219,https://civitai.com/models/2174929,LTX+2.3+文生视频+++图生视频+二合一工作流+-+By：肥猴+.json
clip,ltx2\gemma_3_12B_it.safetensors,1,DualCLIPLoader,Gemma from Monster Hunter [IllustriousXL],2174929,,https://civitai.com/api/download/models/2449219,https://civitai.com/models/2174929,LTX2.3南风阳平分镜1.json
clip,gemma-3-12b-it-qat-q4_0-unquantized\gemma-3-12b-it-q4_0.gguf,1,DualCLIPLoaderGGUF,Gemma from Monster Hunter [IllustriousXL],2174929,,https://civitai.com/api/download/models/2449219,https://civitai.com/models/2174929,LTX女神流自动MV（24G）.json
clip,zimage\Qwen3-4b-Z-Image-Engineer-V4-F16.gguf,1,CLIPLoaderGGUF,Qwen3-TTS Voice Design,2494974,,https://civitai.com/api/download/models/2804686,https://civitai.com/models/2494974,q0403 (33)(1).json
clip,03LM_GGUF\00Uncensore\mradermacher_Huihui-Qwen2.5-VL-7B-Instruct-abliterated\Qwen2.5-VL-7B-Instruct-abliterated.Q8_0.gguf,1,ClipLoaderGGUF,Unsloth's Qwen2.5-VL-7B-Instruct GGUF's,1910712,,https://civitai.com/api/download/models/2162640,https://civitai.com/models/1910712,QuantFunc-Text-to-Image-Workflow 新旧对比(1).json
clip,qwen_3_4b_fp8_mixed.safetensors,1,CLIPLoader,"iGEN ONE (ZImage, Ernie, FLUX1/2, Qwen, HiDream, Nunchaku)",2572843,,https://civitai.com/api/download/models/2914452,https://civitai.com/models/2572843,Qwen2511+ZIT_动漫反推转真人_v2.1.json
clip,Z-Image\qwen_3_4b.safetensors,1,CLIPLoader,"iGEN ONE (ZImage, Ernie, FLUX1/2, Qwen, HiDream, Nunchaku)",2572843,,https://civitai.com/api/download/models/2914452,https://civitai.com/models/2572843,Z-image-CN控制V2.1-姿势自由版(1).json
clip,Klein\qwen_3_8b_fp8mixed.safetensors,1,CLIPLoader,"iGEN ONE (ZImage, Ernie, FLUX1/2, Qwen, HiDream, Nunchaku)",2572843,,https://civitai.com/api/download/models/2914452,https://civitai.com/models/2572843,ZIB + ZIT涩涩双采+Klein高清.json
clip,huihui-qwen3-4b-abliterated-v2-q8_0.gguf,1,CLIPLoaderGGUF,Z-Image Uncensored Text Encoder - Abliterated Huihui Qwen3 4B v2 (Q_8 GGUF),2193783,,https://civitai.com/api/download/models/2470137,https://civitai.com/models/2193783,ZIT_Luneva_WF_v2.2_无限细节增强工作流.json
clip,gemma-3-12b-it-Q2_K.gguf,1,DualCLIPLoaderGGUF,Gemma from Monster Hunter [IllustriousXL],2174929,,https://civitai.com/api/download/models/2449219,https://civitai.com/models/2174929,【LTX-2.3】首尾帧.json
clip,FLUX2\qwen_3_8b_fp8mixed.safetensors,1,CLIPLoader,"iGEN ONE (ZImage, Ernie, FLUX1/2, Qwen, HiDream, Nunchaku)",2572843,,https://civitai.com/api/download/models/2914452,https://civitai.com/models/2572843,三采样-Aiden-zimageT+B+fluxklein采样.json
clip,t5xxl_fp8_e4m3fn.safetensors,1,DualCLIPLoader,WAN 2.1 - UM_T5-xxl (FP32),1722558,,https://civitai.com/api/download/models/1949359,https://civitai.com/models/1722558,新神器_ICEdit：本地P图(1).json
clip,Qwen3-8B-abliterated-Q5_K_M.gguf,1,CLIPLoaderGGUF,Qwen3-TTS Voice Design,2494974,,https://civitai.com/api/download/models/2804686,https://civitai.com/models/2494974,视频去皮_8080(1).json
clip,wan22\gemma_3_12B_it_fp8_e4m3fn.safetensors,1,DualCLIPLoader,Gemma from Monster Hunter [IllustriousXL],2174929,,https://civitai.com/api/download/models/2449219,https://civitai.com/models/2174929,视频去皮_8080(1).json
controlnet,Wan21_Uni3C_controlnet_fp16.safetensors,29,WanVideoUni3C_ControlnetLoader,Yor Forger (Spy x Family) — Realistic Flux / Wan2.1 Cosplay LoRA,2237073,,https://civitai.com/api/download/models/2519818,https://civitai.com/models/2237073,1 (1)(1).json; 1 (1)(1)_20260406_094458.json; 10.Scail单_双人动作迁移自由切换版(1).json
controlnet,InstantX_Qwen-Image-ControlNet-Union.safetensors,7,ControlNetLoader,Qwen+Image+InstantX+Controlnet Line Art Control,1905465,,https://civitai.com/api/download/models/2156755,https://civitai.com/models/1905465,Qwen edit 人物姿势模仿(1).json; Qwen edit 人物姿势模仿(1).json; Qwen-Image多LoRA文生图+面部细化+洗图+高清放大工作流V2(1).json
controlnet,Wan2.1\Wan2.1_Uni3C_controlnet_fp16.safetensors,2,WanVideoUni3C_ControlnetLoader,Wan 2.2 image to video,2572452,,https://civitai.com/api/download/models/2890303,https://civitai.com/models/2572452,WF-uni3c参考视频运镜-图生视频Rev.json; WF-Wan2.1&2.2-uni3c参考视频运镜-图生视频Rev(1).json
controlnet,Qwen-Image-ControlNet-Union.safetensors,2,ControlNetLoader,"iGEN ONE (ZImage, Ernie, FLUX1/2, Qwen, HiDream, Nunchaku)",2572843,,https://civitai.com/api/download/models/2914452,https://civitai.com/models/2572843,三采样转真人(1).json; 三采样转真人1.json
controlnet,control_v11f1p_sd15_depth.pth,2,ControlNetLoader,Slider-LORA : Light control,2569079,,https://civitai.com/api/download/models/2917725,https://civitai.com/models/2569079,高清脱_V2.json; 高清脱_V2.json
controlnet,control_v11p_sd15_canny.pth,2,ControlNetLoader,Slider-LORA : Light control,2569079,,https://civitai.com/api/download/models/2917725,https://civitai.com/models/2569079,高清脱_V2.json; 高清脱_V2.json
controlnet,Wan2.1\Wan21_Uni3C_controlnet_fp16.safetensors,1,WanVideoUni3C_ControlnetLoader,Yor Forger (Spy x Family) — Realistic Flux / Wan2.1 Cosplay LoRA,2237073,,https://civitai.com/api/download/models/2519818,https://civitai.com/models/2237073,Animate-Z视频人物替换（SD映射版（谢谢wuwukaka）.json
controlnet,wan\Wan21_Uni3C_controlnet_fp16.safetensors,1,WanVideoUni3C_ControlnetLoader,Yor Forger (Spy x Family) — Realistic Flux / Wan2.1 Cosplay LoRA,2237073,,https://civitai.com/api/download/models/2519818,https://civitai.com/models/2237073,automated_music_video_generator-wan_22_animate-visualfrisson(1).json
controlnet,controlnet_openpose_wan22.safetensors,1,ControlNetLoader,LTX2.3 All in one - ID LoRA + ControlNet + Detailer + Upscaler + Custom Audio + Keyframes,2553704,,https://civitai.com/api/download/models/2869945,https://civitai.com/models/2553704,code_20260331(1).json
controlnet,Qwen-Image-ControlNet-Inpainting.safetensors,1,ControlNetLoader,"iGEN ONE (ZImage, Ernie, FLUX1/2, Qwen, HiDream, Nunchaku)",2572843,,https://civitai.com/api/download/models/2914452,https://civitai.com/models/2572843,QwenRapidAIO合集by像素幻想(1).json
controlnet,Uni3c Controlnet\Wan21_Uni3C_controlnet_fp16.safetensors,1,WanVideoUni3C_ControlnetLoader,Yor Forger (Spy x Family) — Realistic Flux / Wan2.1 Cosplay LoRA,2237073,,https://civitai.com/api/download/models/2519818,https://civitai.com/models/2237073,SCAIL多人姿态对齐动作迁移自制-完毕(1).json
controlnet,xinsir-controlnet-union-sdxl-v10.safetensors,1,ControlNetLoader,Xinsir glitch style [ponynai3],733536,,https://civitai.com/api/download/models/976710,https://civitai.com/models/733536,SimpleFlow v1.03(1).json
controlnet,SDXL\controlnet-union-sdxl-1.0\diffusion_pytorch_model_promax.safetensors,1,ControlNetLoader,V67 Photographic Filters,2551837,,https://civitai.com/api/download/models/2867790,https://civitai.com/models/2551837,T2I image generator 3.0(1).json
controlnet,controlnet-tile-sdxl-1.0.safetensors,1,ControlNetLoader,LTX2.3 All in one - ID LoRA + ControlNet + Detailer + Upscaler + Custom Audio + Keyframes,2553704,,https://civitai.com/api/download/models/2869945,https://civitai.com/models/2553704,分块高清放大修复-手动-Power Puter-20251204  .json
controlnet,Flux.1-dev-Controlnet-Upscaler.safetensors,1,ControlNetLoader,Flux 1D INEZ Female Model Lora [Big Round Boobs],2598042,,https://civitai.com/api/download/models/2918422,https://civitai.com/models/2598042,新神器_ICEdit：本地P图(1).json
controlnet,control_v11f1e_sd15_tile.pth,1,ControlNetLoaderAdvanced,Slider-LORA : Light control,2569079,,https://civitai.com/api/download/models/2917725,https://civitai.com/models/2569079,视频去频闪.json
controlnet,control_v11p_sd15_lineart_fp16.safetensors,1,ControlNetLoaderAdvanced,Slider-LORA : Light control,2569079,,https://civitai.com/api/download/models/2917725,https://civitai.com/models/2569079,视频去频闪.json
controlnet,instantid/diffusion_pytorch_model.safetensors,1,ControlNetLoader,V67 Photographic Filters,2551837,,https://civitai.com/api/download/models/2867790,https://civitai.com/models/2551837,👨🏻Qwen_edit plus 2509-换头_换脸-F2P-聚焦裁剪-手动遮罩版(1).json
lora,ltx-2.3-22b-distilled-lora-384.safetensors,19,LoraLoaderModelOnly,LTX 2.3 - Fantasy Anime/illustration,2552450,,https://civitai.com/api/download/models/2868543,https://civitai.com/models/2552450,LTX 2.3 数字人对口型工作流V3 - By：肥猴(1).json; LTX 2.3 文生视频 + 图生视频 二合一工作流V3 - By：肥猴(1).json; LTX 2.3图生视频_文生视频工作流.json
lora,Kook_Zimage_真实幻想_Turbo.safetensors,16,LoraLoaderModelOnly,(Volume Edition) Qwen+2512+Kook Authentic Version High-Speed Automatic Text-to-Image Generator V1+,2294537,,https://civitai.com/api/download/models/2582008,https://civitai.com/models/2294537,base+klein+seed（抽卡）.json; base+klein+seed（抽卡）.json; Flux2-Klein高清放大到8K-更强-嘟嘟.json
lora,LTX\ltx-2-19b-distilled-lora_resized_dynamic_fro09_avg_rank_175_bf16.safetensors,8,LoraLoaderModelOnly,LTX 2.3 - Fantasy Anime/illustration,2552450,,https://civitai.com/api/download/models/2868543,https://civitai.com/models/2552450,LTX-2 - T2V Basic.json; LTX2-I2V(1).json; LTX2-IS2V(1).json
lora,z真实\真实\Kook_Zimage_真实幻想_Turbo.safetensors,8,LoraLoaderModelOnly,(Volume Edition) Qwen+2512+Kook Authentic Version High-Speed Automatic Text-to-Image Generator V1+,2294537,,https://civitai.com/api/download/models/2582008,https://civitai.com/models/2294537,wdddd(1).json; wdddd(1).json; wdddd(2).json
lora,flux2\Klein-大熊一致性consistency（0.4-1.0）.safetensors,7,LoraLoaderModelOnly,Elusarca's Scribbly Doodle LoRA | Klein 9B & 4B,2593550,,https://civitai.com/api/download/models/2913459,https://civitai.com/models/2593550,▶F2K-高清重绘+高一致性编辑流+KV加速流(1).json; ▶F2K-高清重绘+高一致性编辑流+KV加速流(1).json; ▶▶瑶光+Midjourney风格工作流（带模型和lora下载链接）(1).json
lora,Qwen-Image-Edit-2511-Lightning-4steps-V1.0-fp32.safetensors,6,LoraLoaderModelOnly,"iGEN ONE (ZImage, Ernie, FLUX1/2, Qwen, HiDream, Nunchaku)",2572843,,https://civitai.com/api/download/models/2914452,https://civitai.com/models/2572843,(M-V1)任意图像转换成真实风格图像 .json; Qwen Edit 2511 多景别镜头 人物一致性 Qwen-Edit-2511(1).json; Qwen+Imge+Edit+2511+Native+Shift+Fix(1).json
lora,z-image\Zimage细节魔控REDZ15_DetailDaemonZ_lora_v1.1.safetensors,6,LoraLoaderModelOnly,Definitive Disney Studios - STYLE - Z-IMAGE TURBO | Illustrious XL | PONY | FLUX | - by YeiyeiArt,404277,,https://civitai.com/api/download/models/2494747,https://civitai.com/models/404277,For循环Zimage文图+seedvr2(1).json; For循环Zimage文图+seedvr2(1).json; For循环Zimage文图+seedvr2(1)_20260317_114852.json
lora,AnythingtoRealCharacters2511_20.safetensors,6,LoraLoaderModelOnly,Pony Diffusion V6 XL,257749,,https://civitai.com/api/download/models/290640,https://civitai.com/models/257749,【楚心钟陌】Qwen2511娃娃流 法外狂徒整理后(1).json; 【楚心钟陌】全新参数！Qwen2511lora串串+Zi二次元转真人+高清放大洗图 (1).json; 三采样转真人(1).json
lora,ltx2.3\ltx-2.3-22b-distilled-lora-384.safetensors,5,LoraLoaderModelOnly,"LTX-2.3, simple workflow. T2V,  I2V, I2V external audio, FFLF",2593905,,https://civitai.com/api/download/models/2918575,https://civitai.com/models/2593905,LTX+2.3+文生视频+++图生视频+二合一工作流+-+By：肥猴+.json; LTX2.3-多帧视频(1).json; LTX2.3南风阳平分镜1.json
lora,ltx-2.3-22b-distilled-lora-384-1.1.safetensors,5,LoraLoaderModelOnly,"LTX-2.3, simple workflow. T2V,  I2V, I2V external audio, FFLF",2593905,,https://civitai.com/api/download/models/2918575,https://civitai.com/models/2593905,lTX2.3全能参考结合多关键帧.json; ltx23_i2v_sulphur2.json; 【LTX2.3】i2v_sulphur(1).json
lora,qwen\Qwen-Image-Edit-F2P.safetensors,5,LoraLoaderModelOnly,"iGEN ONE (ZImage, Ernie, FLUX1/2, Qwen, HiDream, Nunchaku)",2572843,,https://civitai.com/api/download/models/2914452,https://civitai.com/models/2572843,QWEN-2511-AIO合集.json; QWEN-2511-AIO合集.json; QWEN-2511-AIO合集.json
lora,Qwen-Image-Edit-2511-Lightning-4steps-V1.0-bf16.safetensors,5,LoraLoaderModelOnly,"iGEN ONE (ZImage, Ernie, FLUX1/2, Qwen, HiDream, Nunchaku)",2572843,,https://civitai.com/api/download/models/2914452,https://civitai.com/models/2572843,Qwen-Edit-2511+Anypose+精确控制人体姿势(1).json; qwen_image_edit_2509-原生(2).json; 一键生成96个分镜图+多角度=Multiple Qwen edit 2511.json
lora,BJD娃娃V1.0.safetensors,5,LoraLoaderModelOnly,Qwen-image_2511_Edit_Ball-jointed_Doll,2270257,,https://civitai.com/api/download/models/2555405,https://civitai.com/models/2270257,【楚心钟陌】Qwen2511娃娃流 法外狂徒整理后(1).json; 【楚心钟陌】全新参数！Qwen2511lora串串+Zi二次元转真人+高清放大洗图 (1).json; 三采样转真人(1).json
lora,Qwen-Image-Lightning-8steps-V2.0-bf16.safetensors,5,LoraLoaderModelOnly,"iGEN ONE (ZImage, Ernie, FLUX1/2, Qwen, HiDream, Nunchaku)",2572843,,https://civitai.com/api/download/models/2914452,https://civitai.com/models/2572843,三采样转真人(1).json; 三采样转真人1.json; 动漫转真人1.json
lora,wan2.2\Wan2.2-Fun-A14B-InP-high-noise-MPS.safetensors,4,LoraLoaderModelOnly,Wan 2.2 image to video,2572452,,https://civitai.com/api/download/models/2890303,https://civitai.com/models/2572452,1.Wan_2.2REMIX V2 NSFW 图生视频.json; 2.Wan2.2_REMIX V2 NSFW 首尾帧视频.json; 3.Wan2.2_REMIX V2 首-中-尾三帧视频.json
lora,wan2.2\Wan2.2-Fun-A14B-InP-low-noise-HPS2.1.safetensors,4,LoraLoaderModelOnly,Wan 2.2 image to video,2572452,,https://civitai.com/api/download/models/2890303,https://civitai.com/models/2572452,1.Wan_2.2REMIX V2 NSFW 图生视频.json; 2.Wan2.2_REMIX V2 NSFW 首尾帧视频.json; 3.Wan2.2_REMIX V2 首-中-尾三帧视频.json
lora,wan2.2\lightx2v_I2V_14B_480p_cfg_step_distill_rank256_bf16.safetensors,4,LoraLoaderModelOnly,4步Qwen Edit 2511换头(Qwen Image Edit 2511 + lightx2v_4steps: Head Swap Workflow),2388580,,https://civitai.com/api/download/models/2685809,https://civitai.com/models/2388580,1.Wan_2.2REMIX V2 NSFW 图生视频.json; 2.Wan2.2_REMIX V2 NSFW 首尾帧视频.json; 3.Wan2.2_REMIX V2 首-中-尾三帧视频.json
lora,LTX\ltx-2.3-22b-distilled-lora-1.1_fro90_ceil72_condsafe.safetensors,4,LoraLoaderModelOnly,"LTX-2.3, simple workflow. T2V,  I2V, I2V external audio, FFLF",2593905,,https://civitai.com/api/download/models/2918575,https://civitai.com/models/2593905,10Eros_10SNodes_TripleSample_Custom-Audio-Music-Video(1).json; 10Eros_10SNodes_TripleSample_Custom-Audio-Music-Video(1).json; 10Eros_10SNodes_TripleSample_I2V(1).json
lora,Kook_Qwen_2512_真实幻想.safetensors,4,LoraLoaderModelOnly,(Volume Edition) Qwen+2512+Kook Authentic Version High-Speed Automatic Text-to-Image Generator V1+,2294537,,https://civitai.com/api/download/models/2582008,https://civitai.com/models/2294537,KOOK_Qwen_2512+Zimage_真实人像 (1).json; KOOK_Qwen_2512+Zimage_真实人像(2).json; KOOK_Qwen_2512+Zimage_真实人像.json
lora,ltx-2-19b-ic-lora-detailer.safetensors,4,LoraLoaderModelOnly,"LTX-2.3, simple workflow. T2V,  I2V, I2V external audio, FFLF",2593905,,https://civitai.com/api/download/models/2918575,https://civitai.com/models/2593905,LTX-2.3-图-文-生视频(1).json; ltx-video-and-audio-extend.json; ltx-video-and-audio-extend.json
lora,Wan全系\lightx2v_I2V_14B_480p_cfg_step_distill_rank256_bf16.safetensors,4,LoraLoaderModelOnly,4步Qwen Edit 2511换头(Qwen Image Edit 2511 + lightx2v_4steps: Head Swap Workflow),2388580,,https://civitai.com/api/download/models/2685809,https://civitai.com/models/2388580,Wan2.2_SVI_长视频生成_Nsfw (1).json; Wan2.2_SVI_长视频生成_Nsfw (1).json; Wan2.2_SVI_长视频生成_Nsfw .json
lora,flux-2-klein\F2K_9b-破KLEIN-Unchained-V2.safetensors,4,LoraLoaderModelOnly,🚀 F2K9B | Flux 2 [klein] 9B LoRA Tester (FP8 Edition),2458041,,https://civitai.com/api/download/models/2775614,https://civitai.com/models/2458041,▶▶ZITB+F2K+NSW修复+高清(整合流)(1).json; ▶▶ZITB+F2K+NSW修复+高清(整合流)(1).json; ▶▶ZITB+F2K+NSW修复+高清(整合流)(1).json
lora,BJD娃娃V2.0_04.safetensors,4,LoraLoaderModelOnly,Qwen-image_2511_Edit_Ball-jointed_Doll,2270257,,https://civitai.com/api/download/models/2555405,https://civitai.com/models/2270257,【楚心钟陌】Qwen2511娃娃流 法外狂徒整理后(1).json; 【楚心钟陌】全新参数！Qwen2511lora串串+Zi二次元转真人+高清放大洗图 (1).json; 三采样转真人(1).json
lora,Z-IMAGE\REAL\Kook_Zimage_%E7%9C%9F%E5%AE%9E%E5%B9%BB%E6%83%B3_Turbo.safetensors,4,LoraLoaderModelOnly,(Volume Edition) Qwen+2512+Kook Authentic Version High-Speed Automatic Text-to-Image Generator V1+,2294537,,https://civitai.com/api/download/models/2582008,https://civitai.com/models/2294537,三采样-Aiden-zimageT+B+fluxklein采样.json; 三采样-Aiden-zimageT+B+fluxklein采样.json; 三采样-Aiden-zimageT+B+fluxklein采样.json
lora,Qwen-Image-Edit-F2P.safetensors,4,LoraLoaderModelOnly,"iGEN ONE (ZImage, Ernie, FLUX1/2, Qwen, HiDream, Nunchaku)",2572843,,https://civitai.com/api/download/models/2914452,https://civitai.com/models/2572843,拍鬼片的.json; 模特套图工作流V5 (1) (1)(1)(2).json; 模特套图工作流V5 (3).json
lora,f2k_consis.safetensors,4,LoraLoaderModelOnly,unStable Revolution F2K 9b alpha,2368430,,https://civitai.com/api/download/models/2650565,https://civitai.com/models/2368430,换装测试(1).json; 换装测试(1).json; 换装测试(1).json
lora,Qwen\Qwen-Image-Lightning-4steps-V2.0.safetensors,3,LoraLoaderModelOnly,"iGEN ONE (ZImage, Ernie, FLUX1/2, Qwen, HiDream, Nunchaku)",2572843,,https://civitai.com/api/download/models/2914452,https://civitai.com/models/2572843,08.FireRed-Image-Edit合集(1).json; FireRed-一键生成人物训练数据集（生图+打标）(1).json; Qwen2509融图.json
lora,ltx2.3-transition.safetensors,3,LoraLoaderModelOnly,"LTX-2.3, simple workflow. T2V,  I2V, I2V external audio, FFLF",2593905,,https://civitai.com/api/download/models/2918575,https://civitai.com/models/2593905,1(1).json; LTX2.3-首尾帧超级转场+Qwen3.5自动提示词(1).json; video_ltx2_3_FLframe_transion_guide_multi(1).json
lora,Qwen\2511\人物多角度\VNCCS_QIE2511_PoseStudio_ART_V5.safetensors,3,LoraLoaderModelOnly,z_image_turbo_VNCCS_DWpose_example,2411518,,https://civitai.com/api/download/models/2711363,https://civitai.com/models/2411518,2511-姿势迁移（自用）(1).json; 2511-姿势迁移（自用）(2).json; qwen2511姿态控制(1).json
lora,anything2real_2601_A_final_patched.safetensors,3,LoraLoaderModelOnly,Anything2real 2601 workflow,2275667,,https://civitai.com/api/download/models/2561368,https://civitai.com/models/2275667,aio动漫转真人 垃圾佬.json; 千问转真人 垃圾佬.json; 转真人(1).json
lora,ltx-2-19b-lora-camera-control-dolly-left.safetensors,3,LoraLoaderModelOnly,"LTX-2.3, simple workflow. T2V,  I2V, I2V external audio, FFLF",2593905,,https://civitai.com/api/download/models/2918575,https://civitai.com/models/2593905,LTX-2+文生视频低显存版(1).json; LTX-2+文生视频低显存版(1).json; video_ltx2_i2v_distilled.json
lora,ltx-2-19b-distilled-lora-384.safetensors,3,LoraLoaderModelOnly,"LTX-2.3, simple workflow. T2V,  I2V, I2V external audio, FFLF",2593905,,https://civitai.com/api/download/models/2918575,https://civitai.com/models/2593905,LTX-2+文生视频低显存版(1).json; ltx-video-and-audio-extend.json; LTX女神流自动MV（24G）.json
lora,LTX2.3\ltx-2.3-22b-distilled-lora-resized_dynamic_rank_159_fro09_bf16.safetensors,3,LoraLoaderModelOnly,"LTX-2.3, simple workflow. T2V,  I2V, I2V external audio, FFLF",2593905,,https://civitai.com/api/download/models/2918575,https://civitai.com/models/2593905,LTX-2.3文图(1).json; LTX-2.3文图(4).json; ltx23无字(3).json
lora,ltx2\ltx-2.3-22b-distilled-lora-384.safetensors,3,LoraLoaderModelOnly,"LTX-2.3, simple workflow. T2V,  I2V, I2V external audio, FFLF",2593905,,https://civitai.com/api/download/models/2918575,https://civitai.com/models/2593905,LTX-2_3 I2V ID-Lora Vs No ID-Lora 20260325(1).json; ltx2_3_i2v(1).json; ltx2_3_i2v.json
lora,Qwen\Qwen-Image-Edit-2511-Lightning-4steps-V1.0-fp32.safetensors,3,LoraLoaderModelOnly,"iGEN ONE (ZImage, Ernie, FLUX1/2, Qwen, HiDream, Nunchaku)",2572843,,https://civitai.com/api/download/models/2914452,https://civitai.com/models/2572843,Qwen2511三图编辑二次采样+SeedVR2高清.json; Work-Fisher12.26一键动漫转真人（支持各种画风）(1).json; 【Work-Fisher】【12.26】一键动漫转真人（支持各种画风）(2).json
lora,Qwen\2511\Qwen-Image-Edit-2511-Lightning-8steps-V1.0-fp32.safetensors,3,LoraLoaderModelOnly,"iGEN ONE (ZImage, Ernie, FLUX1/2, Qwen, HiDream, Nunchaku)",2572843,,https://civitai.com/api/download/models/2914452,https://civitai.com/models/2572843,qwen2511姿态控制(1).json; 动漫转真人合集.json; 动漫转真人合集.json
lora,LTX-2.3 - Ahegao Face v1.safetensors,3,LoraLoaderModelOnly,"LTX-2.3, simple workflow. T2V,  I2V, I2V external audio, FFLF",2593905,,https://civitai.com/api/download/models/2918575,https://civitai.com/models/2593905,video_ltx23_i2v_nsfw最强(1).json; 最强优化—LTX2.3全自动—图生_ 文生视频.json; 最强优化—LTX2.3全自动—图生_+文生视频(1).json
lora,Wan-Lighting\Wan2.1 - lightx2v_I2V_14B_480p_cfg_step_distill_rank256_bf16.safetensors,3,LoraLoaderModelOnly,Wan 2.2 image to video,2572452,,https://civitai.com/api/download/models/2890303,https://civitai.com/models/2572452,Wan2.2+Remix+I2V+v2.1+++SVI2Pro+全自动反推长视频工作流.json; Wan2.2+Remix+i2v+首尾帧循环壁纸工作流 (2).json; Wan2.2+Remix+i2v+首尾帧循环壁纸工作流 (2).json
lora,z真实\细节\ZIT_Midjourney_Luneva_Cinematic_v1_r128.safetensors,3,LoraLoaderModelOnly,Cinematic Slider - Stackable - (ZIT),2599083,,https://civitai.com/api/download/models/2919589,https://civitai.com/models/2599083,wdddd(2).json; wdddd(2).json; 实验1.json
lora,skin texture v2.1.safetensors,3,LoraLoaderModelOnly,Popogori - 3d style (2023-2025) | AnimaP,2599636,,https://civitai.com/api/download/models/2920203,https://civitai.com/models/2599636,z+dype(2).json; 【尺素】人物美学Z三采可视化sigam工作流 (1).json; 【尺素】人物美学Z双采可视化sigam工作流(1).json
lora,Zimage\ZIT-Mystic-XXX-V5.safetensors,3,LoraLoaderModelOnly,Cinematic Slider - Stackable - (ZIT),2599083,,https://civitai.com/api/download/models/2919589,https://civitai.com/models/2599083,▶▶ZITB+F2K+NSW修复+高清(整合流)(1).json; ▶▶ZITB+F2K+NSW修复+高清(整合流)(1).json; ▶▶ZITB+F2K+NSW修复+高清(整合流)(1).json
lora,AIGC特异点-动漫转写实真人V2版.safetensors,3,LoraLoaderModelOnly,Qwen2511_Anyone Cosplay,2435164,,https://civitai.com/api/download/models/2738032,https://civitai.com/models/2435164,【楚心钟陌】Qwen2511娃娃流 法外狂徒整理后(1).json; 【楚心钟陌】全新参数！Qwen2511lora串串+Zi二次元转真人+高清放大洗图 (1).json; 动漫转真人1.json
lora,LTX\ltx23_edit_anything_global_rank128_v1_9000steps_adamw.safetensors,2,LTXICLoRALoaderModelOnly,LTX2.3 All in one - ID LoRA + ControlNet + Detailer + Upscaler + Custom Audio + Keyframes,2553704,,https://civitai.com/api/download/models/2869945,https://civitai.com/models/2553704,10Eros_10SNodes_TripleSample_Custom-Audio-Music-Video(1).json; 10Eros_10SNodes_TripleSample_I2V(1).json
lora,ltx23\ltx-2.3-22b-distilled-lora-1.1_fro90_ceil72_condsafe.safetensors,2,LoraLoaderModelOnly,"LTX-2.3, simple workflow. T2V,  I2V, I2V external audio, FFLF",2593905,,https://civitai.com/api/download/models/2918575,https://civitai.com/models/2593905,10Eros_10SNodes_TripleSample_I2V(2).json; 10Eros_10SNodes_TripleSample_I2V(2).json
lora,ltx23\ltx-2.3-22b-distilled-lora-dynamic_fro09_avg_rank_105_bf16.safetensors,2,LoraLoaderModelOnly,"LTX-2.3, simple workflow. T2V,  I2V, I2V external audio, FFLF",2593905,,https://civitai.com/api/download/models/2918575,https://civitai.com/models/2593905,10Eros_i2v(1).json; 10Eros_i2v(1).json
lora,qwen\Qwen-Image-Edit-2511-Lightning-4steps-V1.0-fp32.safetensors,2,LoraLoaderModelOnly,"iGEN ONE (ZImage, Ernie, FLUX1/2, Qwen, HiDream, Nunchaku)",2572843,,https://civitai.com/api/download/models/2914452,https://civitai.com/models/2572843,2511+镜头选择-单个(1).json; 人像数据集生成for循环(1).json
lora,Qwen\2509\假人生成Mannequin.safetensors,2,LoraLoaderModelOnly,Nao Iihara 饭井原 直 飯井原 なお  | Resort BOIN 巨乳渡假村 リゾートBOIN,1881594,,https://civitai.com/api/download/models/2129708,https://civitai.com/models/1881594,2511-姿势迁移（自用）(1).json; 2511-姿势迁移（自用）(2).json
lora,Qwen\2511\Qwen-Image-Edit-2511-Lightning-8steps-V1.0-bf16.safetensors,2,LoraLoaderModelOnly,"iGEN ONE (ZImage, Ernie, FLUX1/2, Qwen, HiDream, Nunchaku)",2572843,,https://civitai.com/api/download/models/2914452,https://civitai.com/models/2572843,2511-姿势迁移（自用）(1).json; 2511-姿势迁移（自用）(2).json
lora,Qwen-Image-Lightning-8steps-V2.0 bf16.safetensors,2,LoraLoaderModelOnly,"iGEN ONE (ZImage, Ernie, FLUX1/2, Qwen, HiDream, Nunchaku)",2572843,,https://civitai.com/api/download/models/2914452,https://civitai.com/models/2572843,AI代码侠土豆 瑶光电商图专用_换产品_衣服(1).json; 👨🏻Qwen_edit plus 2509-换头_换脸-F2P-聚焦裁剪-手动遮罩版(1).json
lora,z-image\gzs_妹妹_v1.safetensors,2,LoraLoaderModelOnly,Pony Diffusion V6 XL,257749,,https://civitai.com/api/download/models/290640,https://civitai.com/models/257749,AI代码侠土豆-Red-Z-Image_AIO文生图.json; Z-image文生图极限高清修复 .json
lora,Wan21_I2V_14B_lightx2v_cfg_step_distill_lora_rank64.safetensors,2,LoraLoaderModelOnly,Yor Forger (Spy x Family) — Realistic Flux / Wan2.1 Cosplay LoRA,2237073,,https://civitai.com/api/download/models/2519818,https://civitai.com/models/2237073,Animate高质量动作迁移无限流（全自动五层）(1).json; 多参跨模态音画同步脸部参考图生视频V1（全自动版）.json
lora,Qwen-Image-Edit-2511-Lightning-4steps-V1-fp32.safetensors,2,LoraLoaderModelOnly,"iGEN ONE (ZImage, Ernie, FLUX1/2, Qwen, HiDream, Nunchaku)",2572843,,https://civitai.com/api/download/models/2914452,https://civitai.com/models/2572843,anything2real+2601+A+demo+with+vlm+enhance (1)(1).json; 动漫转写实真人2511（零偏移_高还原）工作流.json
lora,qe2511_consis_alpha_patched.safetensors,2,LoraLoaderModelOnly,Pony Diffusion V6 XL,257749,,https://civitai.com/api/download/models/290640,https://civitai.com/models/257749,anything2real+2601+A+demo+with+vlm+enhance (1)(1).json; QwenEdit2511+角色替换+保持手持、前景物品++超强一致性(1).json
lora,Z1\Mystic-XXX-ZIT-v2.safetensors,2,LoraLoaderModelOnly,tazune rirei (mahoutsukai to kuroneko no wiz (World of Mystic Wiz) ) / 鶴音 リレイ (魔法使いと黒猫のウィズ),2449347,,https://civitai.com/api/download/models/2754087,https://civitai.com/models/2449347,DBZ_00100_(1).json; DBZ_00100_(1).json
lora,Z1\ZPenisHelper .safetensors,2,LoraLoaderModelOnly,Pony Diffusion V6 XL,257749,,https://civitai.com/api/download/models/290640,https://civitai.com/models/257749,DBZ_00100_(1).json; DBZ_00100_(1).json
lora,FireRed-Image-Edit-1.0-Lightning-8steps-v1.0.safetensors,2,LoraLoaderModelOnly,FireRed_OmniRealism,2503075,,https://civitai.com/api/download/models/2813721,https://civitai.com/models/2503075,FireRed Image Edit 1.1三图输入编辑ComfyUI工作流(1).json; ▶Klein单图编辑-服装提取.json
lora,z-image\Mystic-XXX-ZIT(Strength-1.0)V5.safetensors,2,LoraLoaderModelOnly,tazune rirei (mahoutsukai to kuroneko no wiz (World of Mystic Wiz) ) / 鶴音 リレイ (魔法使いと黒猫のウィズ),2449347,,https://civitai.com/api/download/models/2754087,https://civitai.com/models/2449347,For循环Zimage文图+seedvr2(1)_20260317_114852.json; For循环Zimage文图+seedvr2(7)(1).json
lora,wan2.2_i2v_A14b_high_noise_lora_rank64_lightx2v_4step_1022.safetensors,2,LoraLoaderModelOnly,Wan 2.2 image to video,2572452,,https://civitai.com/api/download/models/2890303,https://civitai.com/models/2572452,jeff from t8首尾帧 Wan2.2版Infinite Talk图生视频数字人(1).json; Revised by jefferson T8首尾帧 Wan2.2版Infinite Talk图生视频数字人 (Copy).json
lora,Wan\Wan2.2-Fun-A14B-InP-high-noise-MPS.safetensors,2,LoraLoaderModelOnly,Wan 2.2 image to video,2572452,,https://civitai.com/api/download/models/2890303,https://civitai.com/models/2572452,Jwx-DasiwaV9单图漫剧视频生成(1).json; 【Work-Fisher】【02.01】高动态音画视频口型一条龙-支持单图、首尾帧.json
lora,Wan\Wan2.2-Fun-A14B-InP-low-noise-HPS2.1.safetensors,2,LoraLoaderModelOnly,Wan 2.2 image to video,2572452,,https://civitai.com/api/download/models/2890303,https://civitai.com/models/2572452,Jwx-DasiwaV9单图漫剧视频生成(1).json; 【Work-Fisher】【02.01】高动态音画视频口型一条龙-支持单图、首尾帧.json
lora,Wan\Wan2.2 - I2V_VBVR_HIGH_rank_64_fp16.safetensors,2,LoraLoaderModelOnly,Wan 2.2 image to video,2572452,,https://civitai.com/api/download/models/2890303,https://civitai.com/models/2572452,Jwx-DasiwaV9单图漫剧视频生成(1).json; Jwx-DasiwaV9双图首尾帧图生视频(1).json
lora,Wuli-Qwen-Image-2512-Turbo-LoRA-4steps-V2.0-bf16(1).safetensors,2,LoraLoaderModelOnly,Pony Diffusion V6 XL,257749,,https://civitai.com/api/download/models/290640,https://civitai.com/models/257749,KOOK_Qwen_2512+Zimage_真实人像 (1).json; KOOK_Qwen_2512+Zimage_真实人像(2).json
lora,LTX2.3\LTX2.3_增强Video_Reasoning.safetensors,2,LoraLoaderModelOnly,"LTX-2.3, simple workflow. T2V,  I2V, I2V external audio, FFLF",2593905,,https://civitai.com/api/download/models/2918575,https://civitai.com/models/2593905,LTX-2.3文图(1).json; LTX-2.3文图(4).json
lora,LTX2.3\LTX23-GalaxyAce（中景动作增强）.safetensors,2,LoraLoaderModelOnly,LTX2.3 All in one - ID LoRA + ControlNet + Detailer + Upscaler + Custom Audio + Keyframes,2553704,,https://civitai.com/api/download/models/2869945,https://civitai.com/models/2553704,LTX-2.3文图(1).json; LTX-2.3文图(4).json
lora,LTX2.3\LTX2.3-IC-LORA-Dual-Character(多人对话单用0.6-1，叠加0.3-0.5).safetensors,2,LoraLoaderModelOnly,"LTX-2.3, simple workflow. T2V,  I2V, I2V external audio, FFLF",2593905,,https://civitai.com/api/download/models/2918575,https://civitai.com/models/2593905,LTX-2.3文图(1).json; LTX-2.3文图(4).json
lora,LTX2.3\ltx23__姿态控制(d3m0p0s3 0.7-0.9).safetensors,2,LoraLoaderModelOnly,LTX2.3 All in one - ID LoRA + ControlNet + Detailer + Upscaler + Custom Audio + Keyframes,2553704,,https://civitai.com/api/download/models/2869945,https://civitai.com/models/2553704,LTX-2.3文图(1).json; LTX-2.3文图(4).json
lora,LTX2.3-IC-双人对话.safetensors,2,LoraLoaderModelOnly,"LTX-2.3, simple workflow. T2V,  I2V, I2V external audio, FFLF",2593905,,https://civitai.com/api/download/models/2918575,https://civitai.com/models/2593905,lTX2.3全能参考结合多关键帧.json; 【LTX2.3】四宫格生视频 (单采).json
lora,LTX2\kouboV2.safetensors,2,LoraLoaderModelOnly,Pony Diffusion V6 XL,257749,,https://civitai.com/api/download/models/290640,https://civitai.com/models/257749,LTX2.3南风阳平分镜.json; LTX2.3南风阳平分镜1.json
lora,LTX2\人物\杨颖.safetensors,2,LoraLoaderModelOnly,"Image and background fusion, real light and shadow re lighting-kontext lora（冰爷老杨真实溶图）",1950241,,https://civitai.com/api/download/models/2207241,https://civitai.com/models/1950241,LTX2.3南风阳平分镜.json; LTX2.3南风阳平分镜1.json
lora,LTX2\ltx-2.3-22b-distilled-lora-384.safetensors,2,LoraLoaderModelOnly,"LTX-2.3, simple workflow. T2V,  I2V, I2V external audio, FFLF",2593905,,https://civitai.com/api/download/models/2918575,https://civitai.com/models/2593905,LTX2.3局部重绘.json; video_ltx2_3_i2v(2).json
lora,LTX2.3\nsfw_riding_backshot_frontshot_ltx23_v1.0.safetensors,2,LoraLoaderModelOnly,nsfw z-image Romantic Red Evening Elegance – Strapless Floral Ruffle Gown With Cross-Lace Heels,2581641,,https://civitai.com/api/download/models/2900350,https://civitai.com/models/2581641,ltx23无字(1).json; ltx23无字(3).json
lora,2511-AnyPose-base-000006250.safetensors,2,LoraLoaderModelOnly,丝袜足底-stocking-feet {flux2-klein-9b-base} {qwen-2511-edit},2528185,,https://civitai.com/api/download/models/2900860,https://civitai.com/models/2528185,Qwen-Edit-2511+Anypose+精确控制人体姿势(1).json; 人物姿势迁移++Qwen_image_edit_2511.json
lora,2511-AnyPose-helper-00006000.safetensors,2,LoraLoaderModelOnly,丝袜足底-stocking-feet {flux2-klein-9b-base} {qwen-2511-edit},2528185,,https://civitai.com/api/download/models/2900860,https://civitai.com/models/2528185,Qwen-Edit-2511+Anypose+精确控制人体姿势(1).json; 人物姿势迁移++Qwen_image_edit_2511.json
lora,flux_彩妆美女5.safetensors,2,LoraLoaderModelOnly,Flux 1D INEZ Female Model Lora [Big Round Boobs],2598042,,https://civitai.com/api/download/models/2918422,https://civitai.com/models/2598042,Qwen-Image多LoRA文生图+面部细化+洗图+高清放大工作流V2(1).json; Qwen-Image多LoRA文生图+面部细化+洗图+高清放大工作流V2(1).json
lora,detail-000019.safetensors,2,LoraLoaderModelOnly,Real HDR (Level of Color Detail Slider),2581643,,https://civitai.com/api/download/models/2900355,https://civitai.com/models/2581643,Qwen-Image多LoRA文生图+面部细化+洗图+高清放大工作流V2(1).json; Qwen-Image多LoRA文生图+面部细化+洗图+高清放大工作流V2(1).json
lora,Qwen-Image-Lightning-8steps-V2.0.safetensors,2,LoraLoaderModelOnly,"iGEN ONE (ZImage, Ernie, FLUX1/2, Qwen, HiDream, Nunchaku)",2572843,,https://civitai.com/api/download/models/2914452,https://civitai.com/models/2572843,Qwen-Image多LoRA文生图+面部细化+洗图+高清放大工作流V2(1).json; Qwen动漫转真人工作流(BETA).json
lora,wan2.2_i2v_A14b_low_noise_lora_rank64_lightx2v_4step_1022_modified.safetensors,2,LoraLoaderModelOnly; LoraLoader,Wan 2.2 image to video,2572452,,https://civitai.com/api/download/models/2890303,https://civitai.com/models/2572452,Qwen-Image多LoRA文生图+面部细化+洗图+高清放大工作流V2(1).json; SVI+2.0+Pro+for+Wan+2.2长视频一镜到底！(1).json
lora,Kook_Qwen_V3极致真实.safetensors,2,LoraLoaderModelOnly,(Volume Edition) Qwen+2512+Kook Authentic Version High-Speed Automatic Text-to-Image Generator V1+,2294537,,https://civitai.com/api/download/models/2582008,https://civitai.com/models/2294537,Qwen-Image多LoRA文生图+面部细化+洗图+高清放大工作流V2(1).json; Qwen动漫转真人工作流(BETA).json
lora,F.1增强质感_细节优化调整7.0Qwen特供版_7.0 Qwen特供版.safetensors,2,LoraLoaderModelOnly,F.W.ZHolic,2594808,,https://civitai.com/api/download/models/2914858,https://civitai.com/models/2594808,Qwen-Image多LoRA文生图+面部细化+洗图+高清放大工作流V2(1).json; Qwen动漫转真人工作流(BETA).json
lora,Qwen-Edit 万物重打光-.safetensors,2,LoraLoaderModelOnly,"iGEN ONE (ZImage, Ernie, FLUX1/2, Qwen, HiDream, Nunchaku)",2572843,,https://civitai.com/api/download/models/2914452,https://civitai.com/models/2572843,Qwen2511三图编辑二次采样+SeedVR2高清.json; 👨🏻Qwen_edit plus 2509-换头_换脸-F2P-聚焦裁剪-手动遮罩版(1).json
lora,Kook_千问写实_Kook_Qwen_V2美人版.safetensors,2,LoraLoaderModelOnly,(Volume Edition) Qwen+2512+Kook Authentic Version High-Speed Automatic Text-to-Image Generator V1+,2294537,,https://civitai.com/api/download/models/2582008,https://civitai.com/models/2294537,QwenAIO姿态编辑(1).json; 空白工作流 (1) (1) (1).json
lora,角色置景_RoleScene Blend.safetensors,2,LoraLoaderModelOnly,终末地角色ALL IN ONE/arknights:_endfield Character ALL IN ONE,2396277,,https://civitai.com/api/download/models/2694331,https://civitai.com/models/2396277,QwenEdit2511+角色替换+保持手持、前景物品++超强一致性(1).json; 👨🏻Qwen_edit plus 2509-换头_换脸-F2P-聚焦裁剪-手动遮罩版(1).json
lora,QwenEdit\QwenEdit-F2P.safetensors,2,LoraLoaderModelOnly,Edit workflow 2 in one - Flux Klein 9 + Qwen edit 2511 + SAM3,2579807,,https://civitai.com/api/download/models/2898287,https://civitai.com/models/2579807,QwenRapidAIO合集by像素幻想(1).json; QwenRapidAIO自动分镜（支持NSFW）(1)(2).json
lora,SVI_v2_PRO_Wan2.2-I2V-A14B_HIGH_lora_rank_128_fp16.safetensors,2,LoraLoaderModelOnly,WAN 2.2 SVI Long Form Video Image to Video Diffusion/GGUF Workflow w/ Upscaling,2418122,,https://civitai.com/api/download/models/2718673,https://civitai.com/models/2418122,SVI+2.0+Pro+for+Wan+2.2长视频一镜到底！(1).json; Wan2.2+Remix+I2V+v2.1+++SVI2Pro+全自动反推长视频工作流.json
lora,SVI_v2_PRO_Wan2.2-I2V-A14B_LOW_lora_rank_128_fp16.safetensors,2,LoraLoaderModelOnly,WAN 2.2 SVI Long Form Video Image to Video Diffusion/GGUF Workflow w/ Upscaling,2418122,,https://civitai.com/api/download/models/2718673,https://civitai.com/models/2418122,SVI+2.0+Pro+for+Wan+2.2长视频一镜到底！(1).json; Wan2.2+Remix+I2V+v2.1+++SVI2Pro+全自动反推长视频工作流.json
lora,ltx-2-19b-distilled-lora_resized_dynamic_fro09_avg_rank_175_bf16.safetensors,2,LoraLoaderModelOnly,"LTX-2.3, simple workflow. T2V,  I2V, I2V external audio, FFLF",2593905,,https://civitai.com/api/download/models/2918575,https://civitai.com/models/2593905,video_ltx23_i2v_nsfw最强(1).json; 高质量LTX-2.3图生视频MV制作工作流_大尸兄(1).json
lora,nsfw_riding_backshot_frontshot_ltx23_v1.0.safetensors,2,LoraLoaderModelOnly,nsfw z-image Romantic Red Evening Elegance – Strapless Floral Ruffle Gown With Cross-Lace Heels,2581641,,https://civitai.com/api/download/models/2900350,https://civitai.com/models/2581641,video_ltx23_i2v_nsfw最强(1).json; 最强优化—LTX2.3全自动—图生_ 文生视频.json
lora,LTX2_3_NSFW_furry_concat_v2.safetensors,2,LoraLoaderModelOnly,"LTX-2.3, simple workflow. T2V,  I2V, I2V external audio, FFLF",2593905,,https://civitai.com/api/download/models/2918575,https://civitai.com/models/2593905,video_ltx23_i2v_nsfw最强(1).json; 最强优化—LTX2.3全自动—图生_ 文生视频.json
lora,LTX2.3-Rogue-Missionary-Cowgirl-v3.safetensors,2,LoraLoaderModelOnly,"LTX-2.3, simple workflow. T2V,  I2V, I2V external audio, FFLF",2593905,,https://civitai.com/api/download/models/2918575,https://civitai.com/models/2593905,video_ltx23_i2v_nsfw最强(1).json; video_ltx23_i2v_nsfw最强(1).json
lora,LTX2.3-NSFWMOTION_00750.safetensors,2,LoraLoaderModelOnly,"LTX-2.3, simple workflow. T2V,  I2V, I2V external audio, FFLF",2593905,,https://civitai.com/api/download/models/2918575,https://civitai.com/models/2593905,video_ltx23_i2v_nsfw最强(1).json; 最强优化—LTX2.3全自动—图生_ 文生视频.json
lora,ltx-2.3-20b-distilled-lora-384.safetensors,2,LoraLoaderModelOnly,"LTX-2.3, simple workflow. T2V,  I2V, I2V external audio, FFLF",2593905,,https://civitai.com/api/download/models/2918575,https://civitai.com/models/2593905,video_ltx2_3_i2v.json; video_ltx2_3_t2v.json
lora,Wan22_I2V_VBVR_HIGH_rank_64_fp16.safetensors,2,LoraLoaderModelOnly,Wan2.2 i2v Claude用日本語Prompt,2555142,,https://civitai.com/api/download/models/2893703,https://civitai.com/models/2555142,Wan2.2 Remix i2v 2.1 图生视频VBVR推理强化工作流-Qwen3 VQA版 (1).json; Wan22_VBVR_Base(1).json
lora,Wan全系\SVI_v2_PRO_Wan2.2-I2V-A14B_HIGH_lora_rank_128_fp16.safetensors,2,LoraLoaderModelOnly,WAN 2.2 SVI Long Form Video Image to Video Diffusion/GGUF Workflow w/ Upscaling,2418122,,https://civitai.com/api/download/models/2718673,https://civitai.com/models/2418122,Wan2.2_SVI_长视频生成_Nsfw (1).json; Wan2.2_SVI_长视频生成_Nsfw .json
lora,Wan全系\SVI_v2_PRO_Wan2.2-I2V-A14B_LOW_lora_rank_128_fp16.safetensors,2,LoraLoaderModelOnly,WAN 2.2 SVI Long Form Video Image to Video Diffusion/GGUF Workflow w/ Upscaling,2418122,,https://civitai.com/api/download/models/2718673,https://civitai.com/models/2418122,Wan2.2_SVI_长视频生成_Nsfw (1).json; Wan2.2_SVI_长视频生成_Nsfw .json
lora,Wan2.2-I2V-A14B-4steps-lora-rank64-Seko-V1-low_noise_model-comfy.safetensors,2,LoraLoaderModelOnly,Wan 2.2 image to video,2572452,,https://civitai.com/api/download/models/2890303,https://civitai.com/models/2572452,wan2.2无限首尾帧.json; 最燃Wan2.2一镜到底！三级采样无限可控循环！超长无衰减完整版.json
lora,Wan2.2-I2V-A14B-4steps-lora-rank64-Seko-V1-high_noise_model-comfy.safetensors,2,LoraLoaderModelOnly,Wan 2.2 image to video,2572452,,https://civitai.com/api/download/models/2890303,https://civitai.com/models/2572452,wan2.2无限首尾帧.json; 最燃Wan2.2一镜到底！三级采样无限可控循环！超长无衰减完整版.json
lora,2512\2511真实\qe2511_consis_alpha_patched.safetensors,2,LoraLoaderModelOnly,Pony Diffusion V6 XL,257749,,https://civitai.com/api/download/models/290640,https://civitai.com/models/257749,wdddd(1).json; wdddd(1).json
lora,zbase\女王02.safetensors,2,LoraLoaderModelOnly,"White Queen ""Innocent, Overlord"" (白の女王) - Date A Live (デート・ア・ライブ)",2223062,,https://civitai.com/api/download/models/2502694,https://civitai.com/models/2223062,Z双采+klein(1).json; 三剑合璧改(1).json
lora,flux-2-klein\flux-2-klein-NSFW.safetensors,2,LoraLoaderModelOnly,Flux 1D INEZ Female Model Lora [Big Round Boobs],2598042,,https://civitai.com/api/download/models/2918422,https://civitai.com/models/2598042,▶flux-2-klein-单-多图编辑(1).json; ▶flux-2-klein-单-多图编辑(1)_20260406_094433.json
lora,Qwen\Qwen-Image-Lightning-8steps-V2.0.safetensors,2,LoraLoaderModelOnly,"iGEN ONE (ZImage, Ernie, FLUX1/2, Qwen, HiDream, Nunchaku)",2572843,,https://civitai.com/api/download/models/2914452,https://civitai.com/models/2572843,【AI代码侠土豆】多参考图合成Qwen-Edit+eigen-banana.json; 一键动漫转真人(1).json
lora,无滤真实_V2.safetensors,2,LoraLoaderModelOnly,パパ活無許可中出しおじさん - v3,2512416,,https://civitai.com/api/download/models/2823975,https://civitai.com/models/2512416,【更美感】无滤真实_v2+++kook真实幻想+-+图生图（反推）工作流(1).json; 无滤真实_v2图生图（反推）工作流(1).json
lora,Qwen-Edit-2511-8步加速-Lightning-LoRA_V1.safetensors,2,LoraLoaderModelOnly,"iGEN ONE (ZImage, Ernie, FLUX1/2, Qwen, HiDream, Nunchaku)",2572843,,https://civitai.com/api/download/models/2914452,https://civitai.com/models/2572843,【楚心钟陌】Qwen2511娃娃流 法外狂徒整理后(1).json; 【楚心钟陌】全新参数！Qwen2511lora串串+Zi二次元转真人+高清放大洗图 (1).json
lora,Qwen\qwen-edit-skin_1.1_000002750.safetensors,2,LoraLoaderModelOnly,"iGEN ONE (ZImage, Ernie, FLUX1/2, Qwen, HiDream, Nunchaku)",2572843,,https://civitai.com/api/download/models/2914452,https://civitai.com/models/2572843,一键动漫转真人(1).json; 一键动漫转真人(1).json
lora,Qwen\consistence_edit_v2.safetensors,2,LoraLoaderModelOnly,Pony Diffusion V6 XL,257749,,https://civitai.com/api/download/models/290640,https://civitai.com/models/257749,一键动漫转真人(1).json; 一键动漫转真人(1).json
lora,Qwen-Image-Edit-2509-Lightning-8steps-V1.0-bf16.safetensors,2,LoraLoaderModelOnly,"iGEN ONE (ZImage, Ernie, FLUX1/2, Qwen, HiDream, Nunchaku)",2572843,,https://civitai.com/api/download/models/2914452,https://civitai.com/models/2572843,一键生成多视图(1).json; 拍鬼片的.json
lora,Z-IMAGE\REAL\ZIT_Midjourney_Luneva_Cinematic_v1_r128.safetensors,2,LoraLoaderModelOnly,Cinematic Slider - Stackable - (ZIT),2599083,,https://civitai.com/api/download/models/2919589,https://civitai.com/models/2599083,三采样-Aiden-zimageT+B+fluxklein采样.json; 三采样-Aiden-zimageT+B+fluxklein采样.json
lora,变成真实风格qwen_2509_a2r_v3.safetensors,2,LoraLoaderModelOnly,Qwen Edit Figure Maker By Aldniki,1908503,,https://civitai.com/api/download/models/2160163,https://civitai.com/models/1908503,三采样转真人(1).json; 三采样转真人1.json
lora,FLUX\Flux-2-Klein\F2K_9bb-一致性lcs_consist_preview.safetensors,2,LoraLoaderModelOnly,unStable Revolution F2K 9b alpha,2368430,,https://civitai.com/api/download/models/2650565,https://civitai.com/models/2368430,动漫转真人合集.json; 模糊图片修复(1).json
lora,WAN\lightx2v_I2V_14B_480p_cfg_step_distill_rank256_bf16.safetensors,2,LoraLoaderModelOnly,4步Qwen Edit 2511换头(Qwen Image Edit 2511 + lightx2v_4steps: Head Swap Workflow),2388580,,https://civitai.com/api/download/models/2685809,https://civitai.com/models/2388580,拍鬼片的.json; 拍鬼片的.json
lora,WAN\Wan2.2-Fun-A14B-InP-high-noise-MPS.safetensors,2,LoraLoaderModelOnly,Wan 2.2 image to video,2572452,,https://civitai.com/api/download/models/2890303,https://civitai.com/models/2572452,拍鬼片的.json; 拍鬼片的.json
lora,WAN\Wan2.2-Fun-A14B-InP-low-noise-HPS2.1.safetensors,2,LoraLoaderModelOnly,Wan 2.2 image to video,2572452,,https://civitai.com/api/download/models/2890303,https://civitai.com/models/2572452,拍鬼片的.json; 拍鬼片的.json
lora,colorMangaKlein_9B.safetensors,2,LoraLoaderModelOnly,Pony Diffusion V6 XL,257749,,https://civitai.com/api/download/models/290640,https://civitai.com/models/257749,本子，漫画上色，参考图使用，Flux2_klein图像编辑9b.json; 本子，漫画上色，参考图使用，Flux2_klein图像编辑9b.json
lora,Qwen一致性\Anything2RealAlpha.safetensors,1,LoraLoaderModelOnly,Pony Diffusion V6 XL,257749,,https://civitai.com/api/download/models/290640,https://civitai.com/models/257749,(M-V1)任意图像转换成真实风格图像 .json
lora,Qwen一致性\anything2real_2601_A_final.safetensors,1,LoraLoaderModelOnly,Anything2real 2601 workflow,2275667,,https://civitai.com/api/download/models/2561368,https://civitai.com/models/2275667,(M-V1)任意图像转换成真实风格图像 .json
lora,FireRed\FireRed-Image-Edit-Covercraft.safetensors,1,LoraLoaderModelOnly,FireRed_OmniRealism,2503075,,https://civitai.com/api/download/models/2813721,https://civitai.com/models/2503075,08.FireRed-Image-Edit合集(1).json
lora,FireRed\FireRed-Image-Edit-Makeup.safetensors,1,LoraLoaderModelOnly,FireRed_OmniRealism,2503075,,https://civitai.com/api/download/models/2813721,https://civitai.com/models/2503075,08.FireRed-Image-Edit合集(1).json
lora,lightx2v_T2V_14B_cfg_step_distill_v2_lora_rank256_bf16.safetensors,1,LoraLoaderModelOnly,4步Qwen Edit 2511换头(Qwen Image Edit 2511 + lightx2v_4steps: Head Swap Workflow),2388580,,https://civitai.com/api/download/models/2685809,https://civitai.com/models/2388580,1 Wan2.2质量文生图+TTP高阶放大（全网ID ：楚门的AI世界）(1).json
lora,Z-IMAGE\REAL\nicegirls_Zimage.safetensors,1,LoraLoaderModelOnly,NiceGirls UltraReal,1862761,,https://civitai.com/api/download/models/2882216,https://civitai.com/models/1862761,1-Aiden-Zimage增强细节-高清放大lora工作流 (1)(1).json
lora,ZIT_Midjourney_Luneva_Cinematic_v1_r128.safetensors,1,LoraLoaderModelOnly,Cinematic Slider - Stackable - (ZIT),2599083,,https://civitai.com/api/download/models/2919589,https://civitai.com/models/2599083,1-Aiden-Zimage增强细节-高清放大lora工作流 (1)(1).json
lora,ZIT_Luneva CyberHD.safetensors,1,LoraLoaderModelOnly,Cinematic Slider - Stackable - (ZIT),2599083,,https://civitai.com/api/download/models/2919589,https://civitai.com/models/2599083,1-Aiden-Zimage增强细节-高清放大lora工作流 (1)(1).json
lora,ltx23\ltx23_edit_anything_global_rank128_v1_9000steps_adamw.safetensors,1,LTXICLoRALoaderModelOnly,LTX2.3 All in one - ID LoRA + ControlNet + Detailer + Upscaler + Custom Audio + Keyframes,2553704,,https://civitai.com/api/download/models/2869945,https://civitai.com/models/2553704,10Eros_10SNodes_TripleSample_I2V(2).json
lora,qwen\qwen-image-edit-2511-multiple-angles-lora.safetensors,1,LoraLoaderModelOnly,"iGEN ONE (ZImage, Ernie, FLUX1/2, Qwen, HiDream, Nunchaku)",2572843,,https://civitai.com/api/download/models/2914452,https://civitai.com/models/2572843,2511+镜头选择-单个(1).json
lora,Qwen\Qwen加速\Qwen-Image-Lightning-4steps-V2.0.safetensors,1,LoraLoaderModelOnly,"iGEN ONE (ZImage, Ernie, FLUX1/2, Qwen, HiDream, Nunchaku)",2572843,,https://civitai.com/api/download/models/2914452,https://civitai.com/models/2572843,2511-合集版12.27(1).json
lora,lora3\Qwen-Image-Edit-Lightning-8steps-V1.0.safetensors,1,LoraLoaderModelOnly,"iGEN ONE (ZImage, Ernie, FLUX1/2, Qwen, HiDream, Nunchaku)",2572843,,https://civitai.com/api/download/models/2914452,https://civitai.com/models/2572843,AIGC特异点-人物角色多角度丨一张图出全角度丨一次16张视角(1).json
lora,Kook_Zimage_瑶光.safetensors,1,LoraLoaderModelOnly,(Volume Edition) Qwen+2512+Kook Authentic Version High-Speed Automatic Text-to-Image Generator V1+,2294537,,https://civitai.com/api/download/models/2582008,https://civitai.com/models/2294537,AI代码侠土豆 瑶光电商图专用_换产品_衣服(1).json
lora,Z-Image-Fun-Lora-Distill-8-Steps-2603-ComfyUI.safetensors,1,LoraLoaderModelOnly,Eldritch Ink Art for Z-Image,2597137,,https://civitai.com/api/download/models/2917439,https://civitai.com/models/2597137,AI代码侠土豆 瑶光电商图专用_换产品_衣服(1).json
lora,WanAnimate_relight_lora_fp16.safetensors,1,LoraLoaderModelOnly,Wan Animate 2.2 + Steadydancer + one to all + SCAIL,2412018,,https://civitai.com/api/download/models/2711899,https://civitai.com/models/2412018,Animate高质量动作迁移无限流（全自动五层）(1).json
lora,wan2.2_face_complete_distilled.safetensors,1,LoraLoaderModelOnly,Wan 2.2 image to video,2572452,,https://civitai.com/api/download/models/2890303,https://civitai.com/models/2572452,Animate高质量动作迁移无限流（全自动五层）(1).json
lora,anything2real_2601_A_final.safetensors,1,LoraLoaderModelOnly,Anything2real 2601 workflow,2275667,,https://civitai.com/api/download/models/2561368,https://civitai.com/models/2275667,anything2real+2601+A+demo+with+vlm+enhance (1)(1).json
lora,Z1\bai-zimage-turbo-lora.safetensors,1,LoraLoaderModelOnly,bai (granblue fantasy) / パイ (グランブルーファンタジー),2301682,,https://civitai.com/api/download/models/2589868,https://civitai.com/models/2301682,DBZ_00100_(1).json
lora,Z1\REDZ15_DetailDaemonZ_lora_v1.1.safetensors,1,LoraLoaderModelOnly,Pony Diffusion V6 XL,257749,,https://civitai.com/api/download/models/290640,https://civitai.com/models/257749,DBZ_00100_(1).json
lora,qwen\Qwen-Image-Lightning-8steps-V2.0-bf16.safetensors,1,LoraLoaderModelOnly,"iGEN ONE (ZImage, Ernie, FLUX1/2, Qwen, HiDream, Nunchaku)",2572843,,https://civitai.com/api/download/models/2914452,https://civitai.com/models/2572843,DyPE-Qwen-workflow.json
lora,zit\ench-ZI-dejpeg_lite.safetensors,1,LoraLoaderModelOnly,Pony Diffusion V6 XL,257749,,https://civitai.com/api/download/models/290640,https://civitai.com/models/257749,DyPE-ZIT-workflow.json
lora,FireRed-Image-Edit\FireRed-Image-Edit-Makeup.safetensors,1,LoraLoaderModelOnly,FireRed_OmniRealism,2503075,,https://civitai.com/api/download/models/2813721,https://civitai.com/models/2503075,FireRed Image Edit 1.1三图输入编辑ComfyUI工作流(1).json
lora,FLUX\Flux2TurboComfyv2.safetensors,1,LoraLoaderModelOnly,Pony Diffusion V6 XL,257749,,https://civitai.com/api/download/models/290640,https://civitai.com/models/257749,flux2-图像参考.json
lora,FLUX\RB-real-flux2.safetensors,1,LoraLoaderModelOnly,Cream & Butter Uniform クリーム＆バター制服 / Alice Gear Aegis アリス・ギア・アイギス,2320892,,https://civitai.com/api/download/models/2831708,https://civitai.com/models/2320892,flux2-图像参考.json
lora,FLUX\flux-multi-angles-v2-72poses-comfy.safetensors,1,LoraLoaderModelOnly,Flux 1D INEZ Female Model Lora [Big Round Boobs],2598042,,https://civitai.com/api/download/models/2918422,https://civitai.com/models/2598042,flux2-图像参考.json
lora,Dark fantasy style-000002.safetensors,1,LoraLoaderModelOnly,Misaki - Tsuritama,2598881,,https://civitai.com/api/download/models/2919354,https://civitai.com/models/2598881,FLUX2Klein+文生图+flux克莱因文生图Basic+Text-to-lmage(1).json
lora,illustrious\LoRASalivaTortureIL2.safetensors,1,LoraLoaderModelOnly,Pony Diffusion V6 XL,257749,,https://civitai.com/api/download/models/290640,https://civitai.com/models/257749,illustrious V1.json
lora,illustrious\pornmaster skin-IL-V1-lora.safetensors,1,LoraLoaderModelOnly,PornMaster [Flux2 Klein 9b base] t2i Workflow,2382745,,https://civitai.com/api/download/models/2679442,https://civitai.com/models/2382745,illustrious V1.json
lora,illustrious\Smooth_Booster_v5.safetensors,1,LoraLoaderModelOnly,Faora - The Looney tunes show - MrJohn,2538441,,https://civitai.com/api/download/models/2852825,https://civitai.com/models/2538441,illustrious V1.json
lora,illustrious\thicc_v1.2-illu_done.safetensors,1,LoraLoaderModelOnly,dummy thicc (anthro),2062563,,https://civitai.com/api/download/models/2334039,https://civitai.com/models/2062563,illustrious V1.json
lora,illustrious\影cos(TR_by_divingIL)3月31.safetensors,1,LoraLoaderModelOnly,May-Be soft kagesaki yuna style illustrious LORA | メイビーソフト 影崎夕那  (PC98) style,2541617,,https://civitai.com/api/download/models/2856372,https://civitai.com/models/2541617,illustrious V1.json
lora,illustrious\textile_artV2(TR_by_divingILREAL)260403.safetensors,1,LoraLoaderModelOnly,Artist Style Lora - Ivan Bilibin,724621,,https://civitai.com/api/download/models/810268,https://civitai.com/models/724621,illustrious V1.json
lora,illustrious\FoxyLove_V1(TR_by_divingILREAL)260413.safetensors,1,LoraLoaderModelOnly,Pony Diffusion V6 XL,257749,,https://civitai.com/api/download/models/290640,https://civitai.com/models/257749,illustrious V1.json
lora,illustrious\MIAOMIAO_skin optimization.safetensors,1,LoraLoaderModelOnly,MiaoMiao RealSkin,2026594,,https://civitai.com/api/download/models/2602600,https://civitai.com/models/2026594,illustrious V1.json
lora,illustrious\fingers_adjuster_illustrious2.0stable_v1.0.safetensors,1,LoraLoaderModelOnly,Akasha - Dragalia Lost (2 Outfits),2593984,,https://civitai.com/api/download/models/2913931,https://civitai.com/models/2593984,illustrious V1.json
lora,WAN2.1\lightx2v_I2V_14B_480p_cfg_step_distill_rank64_bf16.safetensors,1,LoraLoaderModelOnly,4步Qwen Edit 2511换头(Qwen Image Edit 2511 + lightx2v_4steps: Head Swap Workflow),2388580,,https://civitai.com/api/download/models/2685809,https://civitai.com/models/2388580,InfiniteTalk官方节点For循环(test260122).json
lora,wan2.1\Wan21_I2V_14B_lightx2v_cfg_step_distill_lora_rank64.safetensors,1,LoraLoaderModelOnly,Yor Forger (Spy x Family) — Realistic Flux / Wan2.1 Cosplay LoRA,2237073,,https://civitai.com/api/download/models/2519818,https://civitai.com/models/2237073,InfiniteTalk官流节点.json
lora,Lightx2v/lightx2v_I2V_14B_480p_cfg_step_distill_rank128_bf16.safetensors,1,LoraLoaderModelOnly,4步Qwen Edit 2511换头(Qwen Image Edit 2511 + lightx2v_4steps: Head Swap Workflow),2388580,,https://civitai.com/api/download/models/2685809,https://civitai.com/models/2388580,jeff from t8首尾帧 Wan2.2版Infinite Talk图生视频数字人(1).json
lora,Z\Kook_Zimage_真实幻想_Turbo.safetensors,1,LoraLoaderModelOnly,(Volume Edition) Qwen+2512+Kook Authentic Version High-Speed Automatic Text-to-Image Generator V1+,2294537,,https://civitai.com/api/download/models/2582008,https://civitai.com/models/2294537,Job 51295f1b-6f82-46b8-85bb-cbad83998e2d.json
lora,Wan\Wan22_Tifa_lora_v1_low_noise.safetensors,1,LoraLoaderModelOnly,Wan2.2 i2v Claude用日本語Prompt,2555142,,https://civitai.com/api/download/models/2893703,https://civitai.com/models/2555142,Jwx-DasiwaV9单图漫剧视频生成(1).json
lora,Wan\Wan22_T2V_UnifiedReward-Flex_LoRA_LOW_rank64_bf16.safetensors,1,LoraLoaderModelOnly,Wan2.2 i2v Claude用日本語Prompt,2555142,,https://civitai.com/api/download/models/2893703,https://civitai.com/models/2555142,Jwx-DasiwaV9双图首尾帧图生视频(1).json
lora,Wan\Wan22_T2V_UnifiedReward-Flex_LoRA_HIGH_rank64_bf16.safetensors,1,LoraLoaderModelOnly,Wan2.2 i2v Claude用日本語Prompt,2555142,,https://civitai.com/api/download/models/2893703,https://civitai.com/models/2555142,Jwx-DasiwaV9双图首尾帧图生视频(1).json
lora,Wan\Wan22_Tifa_lora_v3_low_noise.safetensors,1,LoraLoaderModelOnly,Wan2.2 i2v Claude用日本語Prompt,2555142,,https://civitai.com/api/download/models/2893703,https://civitai.com/models/2555142,Jwx-DasiwaV9双图首尾帧图生视频(1).json
lora,WML_lora\WML2_zimage_3000.safetensors,1,LoraLoaderModelOnly,Pony Diffusion V6 XL,257749,,https://civitai.com/api/download/models/290640,https://civitai.com/models/257749,kook-zimage-真实幻想-人物LORA生效工作流.json
lora,Zimage_Turbo\Kook_Zimage_真实幻想_Turbo.safetensors,1,LoraLoaderModelOnly,(Volume Edition) Qwen+2512+Kook Authentic Version High-Speed Automatic Text-to-Image Generator V1+,2294537,,https://civitai.com/api/download/models/2582008,https://civitai.com/models/2294537,kook-zimage-真实幻想-人物LORA生效工作流.json
lora,Qwen\Qwen-Image-2512-Lightning-4steps-V1.0-fp32.safetensors,1,LoraLoaderModelOnly,"iGEN ONE (ZImage, Ernie, FLUX1/2, Qwen, HiDream, Nunchaku)",2572843,,https://civitai.com/api/download/models/2914452,https://civitai.com/models/2572843,KOOK_Qwen_2512+Zimage_真实人像.json
lora,ZIMAGE\Realistic Skin Texture style (Detailed Skin)  v2.1.safetensors,1,LoraLoaderModelOnly,SteelMix Semi-Realistic,2598262,,https://civitai.com/api/download/models/2918681,https://civitai.com/models/2598262,KOOK_Qwen_2512+Zimage_真实人像.json
lora,Wan2.1 - Fun-14B-InP-HPS2.1.safetensors,1,LoraLoaderModelOnly,Wan 2.2 image to video,2572452,,https://civitai.com/api/download/models/2890303,https://civitai.com/models/2572452,LTX 2.3 文生视频 + 图生视频 二合一工作流V2 - By：肥猴.json
lora,LTX\ltx-2.3-22b-distilled-lora-384.safetensors,1,LoraLoaderModelOnly,"LTX-2.3, simple workflow. T2V,  I2V, I2V external audio, FFLF",2593905,,https://civitai.com/api/download/models/2918575,https://civitai.com/models/2593905,LTX 2.3 文生视频 + 图生视频 二合一工作流V3 - By：肥猴.json
lora,LTX\ltx-2.3-22b-distilled-lora-resized_dynamic_rank_159_fro09_bf16.safetensors,1,LoraLoaderModelOnly,"LTX-2.3, simple workflow. T2V,  I2V, I2V external audio, FFLF",2593905,,https://civitai.com/api/download/models/2918575,https://civitai.com/models/2593905,LTX-2.3-人物lora一键MV翻唱（后续不更新）.json
lora,LTX\LTX2_lora_huangchan.safetensors,1,LoraLoaderModelOnly,"LTX-2.3, simple workflow. T2V,  I2V, I2V external audio, FFLF",2593905,,https://civitai.com/api/download/models/2918575,https://civitai.com/models/2593905,LTX-2.3-人物lora一键MV翻唱（后续不更新）.json
lora,LTX\ltx2.3紫灵触发词ziling.safetensors,1,LoraLoaderModelOnly,"LTX-2.3, simple workflow. T2V,  I2V, I2V external audio, FFLF",2593905,,https://civitai.com/api/download/models/2918575,https://civitai.com/models/2593905,LTX-2.3-图-文-生视频(1).json
lora,LTX2.3\gemma-3-12b-it-abliterated_heretic_lora_rank64_bf16（CLIPlora提示词强化）.safetensors,1,LoraLoader,Gemma from Monster Hunter [IllustriousXL],2174929,,https://civitai.com/api/download/models/2449219,https://civitai.com/models/2174929,LTX-2.3三图首尾.json
lora,ltx2\LTX-2.3-ID-LoRA-CelebVHQ-3Ksafetensors.safetensors,1,LoraLoaderModelOnly,"LTX-2.3, simple workflow. T2V,  I2V, I2V external audio, FFLF",2593905,,https://civitai.com/api/download/models/2918575,https://civitai.com/models/2593905,LTX-2_3 I2V ID-Lora Vs No ID-Lora 20260325(1).json
lora,ltx-2-19b-lora-camera-control-jib-up.safetensors,1,LoraLoaderModelOnly,"LTX-2.3, simple workflow. T2V,  I2V, I2V external audio, FFLF",2593905,,https://civitai.com/api/download/models/2918575,https://civitai.com/models/2593905,LTX2.0文生视频.json
lora,LTX\ltx-2-19b-ic-lora-detailer.safetensors,1,LoraLoaderModelOnly,"LTX-2.3, simple workflow. T2V,  I2V, I2V external audio, FFLF",2593905,,https://civitai.com/api/download/models/2918575,https://civitai.com/models/2593905,LTX2.0文生视频.json
lora,LTX\ltx-2-19b-lora-camera-control-dolly-left.safetensors,1,LoraLoaderModelOnly,"LTX-2.3, simple workflow. T2V,  I2V, I2V external audio, FFLF",2593905,,https://civitai.com/api/download/models/2918575,https://civitai.com/models/2593905,LTX2.0文生视频.json
lora,LTX\ltx-2-19b-distilled-lora-384.safetensors,1,LoraLoaderModelOnly,"LTX-2.3, simple workflow. T2V,  I2V, I2V external audio, FFLF",2593905,,https://civitai.com/api/download/models/2918575,https://civitai.com/models/2593905,LTX2.0文生视频.json
lora,ltx\ltx-2.3-22b-ic-lora-union-control-ref0.5.safetensors,1,LoraLoaderModelOnly,"LTX-2.3, simple workflow. T2V,  I2V, I2V external audio, FFLF",2593905,,https://civitai.com/api/download/models/2918575,https://civitai.com/models/2593905,LTX2.3五图视频(1).json
lora,ziji\fjc.safetensors,1,LoraLoaderModelOnly,Fujisaka Kimihiko Style for Prefect Pony XL (Alpha),1374345,,https://civitai.com/api/download/models/1552824,https://civitai.com/models/1374345,LTX2.3五图视频(1).json
lora,Ltx2.3-Licon-VBVR-I2V-240K-R32.safetensors,1,LoraLoaderModelOnly,"LTX-2.3, simple workflow. T2V,  I2V, I2V external audio, FFLF",2593905,,https://civitai.com/api/download/models/2918575,https://civitai.com/models/2593905,lTX2.3全能参考结合多关键帧.json
lora,VBVR-LTX2.3.safetensors,1,LoraLoaderModelOnly,Pony Diffusion V6 XL,257749,,https://civitai.com/api/download/models/290640,https://civitai.com/models/257749,lTX2.3全能参考结合多关键帧.json
lora,LTX2\LTX-2-Image2Vid-Adapter.safetensors,1,LoraLoaderModelOnly,"LTX-2.3, simple workflow. T2V,  I2V, I2V external audio, FFLF",2593905,,https://civitai.com/api/download/models/2918575,https://civitai.com/models/2593905,LTX2.3南风阳平分镜.json
lora,ltx-2.3-22b-ic-lora-motion-track-control-ref0.5.safetensors,1,LoraLoaderModelOnly,"LTX-2.3, simple workflow. T2V,  I2V, I2V external audio, FFLF",2593905,,https://civitai.com/api/download/models/2918575,https://civitai.com/models/2593905,LTX2.3南风阳平分镜.json
lora,ltx2.3\LTX-2.3-ID-LoRAMV唱歌-TalkVid-3K .safetensors,1,LoraLoaderModelOnly,"LTX-2.3, simple workflow. T2V,  I2V, I2V external audio, FFLF",2593905,,https://civitai.com/api/download/models/2918575,https://civitai.com/models/2593905,LTX2.3南风阳平分镜1.json
lora,ltx2.3\ltx-2.3-22b-ic-lora-motion-track-control-ref0.5.safetensors,1,LoraLoaderModelOnly,"LTX-2.3, simple workflow. T2V,  I2V, I2V external audio, FFLF",2593905,,https://civitai.com/api/download/models/2918575,https://civitai.com/models/2593905,LTX2.3南风阳平分镜1.json
lora,LTX2\ltx23_inpaint_rank128_v1_10000steps.safetensors,1,LoraLoaderModelOnly,LTX2.3 All in one - ID LoRA + ControlNet + Detailer + Upscaler + Custom Audio + Keyframes,2553704,,https://civitai.com/api/download/models/2869945,https://civitai.com/models/2553704,LTX2.3局部重绘.json
lora,LTX2\ranltx.safetensors,1,LoraLoaderModelOnly,Pony Diffusion V6 XL,257749,,https://civitai.com/api/download/models/290640,https://civitai.com/models/257749,LTX2.3数字人文生图生自由切换版.json
lora,ltx-2.3-22b-distilled-lora-1.1_fro90_ceil72_condsafe.safetensors,1,LoraLoaderModelOnly,"LTX-2.3, simple workflow. T2V,  I2V, I2V external audio, FFLF",2593905,,https://civitai.com/api/download/models/2918575,https://civitai.com/models/2593905,ltx23_i2v_sulphur2.json
lora,LTX2.3\LTX2.3-Rogue-Missionary-Cowgirl-v3.safetensors,1,LoraLoaderModelOnly,"LTX-2.3, simple workflow. T2V,  I2V, I2V external audio, FFLF",2593905,,https://civitai.com/api/download/models/2918575,https://civitai.com/models/2593905,ltx23无字(3).json
lora,LTX2.3\LTX2.3-NSFWMOTION_00750.safetensors,1,LoraLoaderModelOnly,"LTX-2.3, simple workflow. T2V,  I2V, I2V external audio, FFLF",2593905,,https://civitai.com/api/download/models/2918575,https://civitai.com/models/2593905,ltx23无字(3).json
lora,LTX2.3\LTX2_3_NSFW_furry_concat_v2.safetensors,1,LoraLoaderModelOnly,"LTX-2.3, simple workflow. T2V,  I2V, I2V external audio, FFLF",2593905,,https://civitai.com/api/download/models/2918575,https://civitai.com/models/2593905,ltx23无字(3).json
lora,LTX2.3\ltx-2.3-22b-distilled-lora-384.safetensors,1,LoraLoaderModelOnly,"LTX-2.3, simple workflow. T2V,  I2V, I2V external audio, FFLF",2593905,,https://civitai.com/api/download/models/2918575,https://civitai.com/models/2593905,ltx23无字(3).json
lora,LTX2.3\LTX-2.3 - Ahegao Face v1.safetensors,1,LoraLoaderModelOnly,"LTX-2.3, simple workflow. T2V,  I2V, I2V external audio, FFLF",2593905,,https://civitai.com/api/download/models/2918575,https://civitai.com/models/2593905,ltx23无字(3).json
lora,LTX-2/LTX2_000006000.safetensors,1,LoraLoaderModelOnly,"LTX-2.3, simple workflow. T2V,  I2V, I2V external audio, FFLF",2593905,,https://civitai.com/api/download/models/2918575,https://civitai.com/models/2593905,LTX女神流自动MV（24G）.json
lora,002-z-imgae\精炼女人-z-image turbo refine nipples.safetensors,1,NunchakuZImageLoraLoader,Pony Diffusion V6 XL,257749,,https://civitai.com/api/download/models/290640,https://civitai.com/models/257749,Nunchaku+ZIT+SVR2放大(1).json
lora,002-z-imgae\REDZ15_DetailDaemonZ_lora_v1.1.safetensors,1,NunchakuZImageLoraLoader,Pony Diffusion V6 XL,257749,,https://civitai.com/api/download/models/290640,https://civitai.com/models/257749,Nunchaku+ZIT+SVR2放大(1).json
lora,LTX-2\Ltx2.3-Licon-VBVR-I2V-240K-R32.safetensors,1,LoraLoaderModelOnly,"LTX-2.3, simple workflow. T2V,  I2V, I2V external audio, FFLF",2593905,,https://civitai.com/api/download/models/2918575,https://civitai.com/models/2593905,prompt_relay_test-fix(1).json
lora,Qwen-Edit-2509-Multiple-angles.safetensors,1,LoraLoaderModelOnly,"iGEN ONE (ZImage, Ernie, FLUX1/2, Qwen, HiDream, Nunchaku)",2572843,,https://civitai.com/api/download/models/2914452,https://civitai.com/models/2572843,Qwen Edit 2511 多景别镜头 人物一致性 Qwen-Edit-2511(1).json
lora,Qwen-Image-Lightning-8steps-V1.1-bf16.safetensors,1,LoraLoaderModelOnly,"iGEN ONE (ZImage, Ernie, FLUX1/2, Qwen, HiDream, Nunchaku)",2572843,,https://civitai.com/api/download/models/2914452,https://civitai.com/models/2572843,Qwen edit 人物姿势模仿(1).json
lora,Qwen-Image-Edit-2509-Lightning-4steps-V1.0-bf16__ _Edit4步bf16 r2.0.safetensors,1,LoraLoaderModelOnly,"iGEN ONE (ZImage, Ernie, FLUX1/2, Qwen, HiDream, Nunchaku)",2572843,,https://civitai.com/api/download/models/2914452,https://civitai.com/models/2572843,Qwen Layered.json
lora,Qwen4Play_v2.safetensors,1,LoraLoaderModelOnly,Pony Diffusion V6 XL,257749,,https://civitai.com/api/download/models/290640,https://civitai.com/models/257749,Qwen+Imge+Edit+2511+Native+Shift+Fix(1).json
lora,qwen_MCNL_v1.0.safetensors,1,LoraLoaderModelOnly,"iGEN ONE (ZImage, Ernie, FLUX1/2, Qwen, HiDream, Nunchaku)",2572843,,https://civitai.com/api/download/models/2914452,https://civitai.com/models/2572843,Qwen+Imge+Edit+2511+Native+Shift+Fix(1).json
lora,Qwen_Snofs_1_3.safetensors,1,LoraLoaderModelOnly,"iGEN ONE (ZImage, Ernie, FLUX1/2, Qwen, HiDream, Nunchaku)",2572843,,https://civitai.com/api/download/models/2914452,https://civitai.com/models/2572843,Qwen+Imge+Edit+2511+Native+Shift+Fix(1).json
lora,Qwen\Qwen-Image-Edit-F2P.safetensors,1,LoraLoaderModelOnly,"iGEN ONE (ZImage, Ernie, FLUX1/2, Qwen, HiDream, Nunchaku)",2572843,,https://civitai.com/api/download/models/2914452,https://civitai.com/models/2572843,QWEN-2511-AIO合集.json
lora,Qwen\Qwen加速\Qwen-Image-Edit-2509-Lightning-8steps-V1.0-fp32.safetensors,1,LoraLoaderModelOnly,"iGEN ONE (ZImage, Ernie, FLUX1/2, Qwen, HiDream, Nunchaku)",2572843,,https://civitai.com/api/download/models/2914452,https://civitai.com/models/2572843,qwen-2511-多图编辑.json
lora,qwen edit出图更稳定辅助器_V1.safetensors,1,LoraLoaderModelOnly,"iGEN ONE (ZImage, Ernie, FLUX1/2, Qwen, HiDream, Nunchaku)",2572843,,https://civitai.com/api/download/models/2914452,https://civitai.com/models/2572843,Qwen-Image多LoRA文生图+面部细化+洗图+高清放大工作流V2(1).json
lora,麦橘千问美人_majicbeauty-Qwen_初版.safetensors,1,LoraLoaderModelOnly,[illustrious XL] Chocolate Shop /CHOCO/麦谷興一 ，KOS-MOS - Artist Style,2136610,,https://civitai.com/api/download/models/2416871,https://civitai.com/models/2136610,Qwen-Image多LoRA文生图+面部细化+洗图+高清放大工作流V2(1).json
lora,FusionX_FaceNaturalizer.safetensors,1,LoraLoader,Wan 2.1 FusionX T2V GGUF workflow (Fusionx 워크플로우 공유- AI는 에이원),1826433,,https://civitai.com/api/download/models/2066881,https://civitai.com/models/1826433,Qwen-Image多LoRA文生图+面部细化+洗图+高清放大工作流V2(1).json
lora,草原圣女.safetensors,1,LoraLoaderModelOnly,Pony Diffusion V6 XL,257749,,https://civitai.com/api/download/models/290640,https://civitai.com/models/257749,Qwen-Image多LoRA文生图+面部细化+洗图+高清放大工作流V2(1).json
lora,Qwen沙漏身材.safetensors,1,LoraLoaderModelOnly,"iGEN ONE (ZImage, Ernie, FLUX1/2, Qwen, HiDream, Nunchaku)",2572843,,https://civitai.com/api/download/models/2914452,https://civitai.com/models/2572843,Qwen-Image多LoRA文生图+面部细化+洗图+高清放大工作流V2(1).json
lora,Qwen-Image-Lightning-4steps-V2.0-bf16.safetensors,1,LoraLoaderModelOnly,"iGEN ONE (ZImage, Ernie, FLUX1/2, Qwen, HiDream, Nunchaku)",2572843,,https://civitai.com/api/download/models/2914452,https://civitai.com/models/2572843,QWEN2509极限姿态参考技巧(1).json
lora,QwenEdit\溶图.safetensors,1,LoraLoaderModelOnly,"Image and background fusion, real light and shadow re lighting-kontext lora（冰爷老杨真实溶图）",1950241,,https://civitai.com/api/download/models/2207241,https://civitai.com/models/1950241,Qwen2509融图.json
lora,Qwen\一致性\consistence_edit_v2.safetensors,1,LoraLoaderModelOnly,Pony Diffusion V6 XL,257749,,https://civitai.com/api/download/models/290640,https://civitai.com/models/257749,Qwen2509遮罩局部重绘-完毕.json
lora,Qwen\qwen加速\Qwen-Image-Lightning-8steps-V2.0.safetensors,1,LoraLoaderModelOnly,"iGEN ONE (ZImage, Ernie, FLUX1/2, Qwen, HiDream, Nunchaku)",2572843,,https://civitai.com/api/download/models/2914452,https://civitai.com/models/2572843,Qwen2509遮罩局部重绘-完毕.json
lora,Qwen-Image\qe2511_consis_alpha_patched.safetensors,1,LoraLoaderModelOnly,Pony Diffusion V6 XL,257749,,https://civitai.com/api/download/models/290640,https://civitai.com/models/257749,Qwen2511+ZIT_动漫反推转真人_v2.1.json
lora,Qwen-Image\AnythingtoRealCharacters2511_20.safetensors,1,LoraLoaderModelOnly,Pony Diffusion V6 XL,257749,,https://civitai.com/api/download/models/290640,https://civitai.com/models/257749,Qwen2511+ZIT_动漫反推转真人_v2.1.json
lora,Qwen-Image\Qwen-Image-Edit-2511-Lightning-4steps-V1.0-bf16.safetensors,1,LoraLoaderModelOnly,"iGEN ONE (ZImage, Ernie, FLUX1/2, Qwen, HiDream, Nunchaku)",2572843,,https://civitai.com/api/download/models/2914452,https://civitai.com/models/2572843,Qwen2511+ZIT_动漫反推转真人_v2.1.json
lora,镜头切换.safetensors,1,LoraLoaderModelOnly,(IL Concept / Pose) Signing on Camera (Drawing on Fourth Wall) | 镜头签名,1930179,,https://civitai.com/api/download/models/2184625,https://civitai.com/models/1930179,Qwen2511三图编辑二次采样+SeedVR2高清.json
lora,Qwen\Qwen加速\Qwen-Image-Edit-2511-Lightning-4steps-V1.0-bf16.safetensors,1,LoraLoaderModelOnly,"iGEN ONE (ZImage, Ernie, FLUX1/2, Qwen, HiDream, Nunchaku)",2572843,,https://civitai.com/api/download/models/2914452,https://civitai.com/models/2572843,Qwen2511单图编辑不偏移-多图编辑-遮罩重绘-节点后置(1).json
lora,Wan2.2-T2V-A14B-4steps-lora-250928_high_noise_model.safetensors,1,LoraLoaderModelOnly,Wan 2.2 image to video,2572452,,https://civitai.com/api/download/models/2890303,https://civitai.com/models/2572452,Qwen3-VL反推视频提示词(1).json
lora,Wan2.2-T2V-A14B-4steps-lora-250928_low_noise_model.safetensors,1,LoraLoaderModelOnly,Wan 2.2 image to video,2572452,,https://civitai.com/api/download/models/2890303,https://civitai.com/models/2572452,Qwen3-VL反推视频提示词(1).json
lora,QwenEdit\consistence_edit_v2.safetensors,1,LoraLoaderModelOnly,Pony Diffusion V6 XL,257749,,https://civitai.com/api/download/models/290640,https://civitai.com/models/257749,QwenRapidAIO合集by像素幻想(1).json
lora,QwenEdit\Qwen-Edit-2509-Multiple-angles.safetensors,1,LoraLoaderModelOnly,"iGEN ONE (ZImage, Ernie, FLUX1/2, Qwen, HiDream, Nunchaku)",2572843,,https://civitai.com/api/download/models/2914452,https://civitai.com/models/2572843,QwenRapidAIO自动分镜（支持NSFW）(1)(2).json
lora,千问\编辑\edit-2511-多角度-lora.safetensors,1,NunchakuQwenImageLoraLoader,Image Blend Fusion for Flux.2 Klein 4B & 9B Edit,2548669,,https://civitai.com/api/download/models/2864208,https://civitai.com/models/2548669,qwen_image_edit.json
lora,千问\加速\Qwen-Image-Lightning-4steps-V2.0.safetensors,1,NunchakuQwenImageLoraLoader,"iGEN ONE (ZImage, Ernie, FLUX1/2, Qwen, HiDream, Nunchaku)",2572843,,https://civitai.com/api/download/models/2914452,https://civitai.com/models/2572843,qwen_image_edit.json
lora,Qwen-Image-Edit-2509-Lightning-4steps-V1.0-bf16.safetensors,1,LoraLoaderModelOnly,"iGEN ONE (ZImage, Ernie, FLUX1/2, Qwen, HiDream, Nunchaku)",2572843,,https://civitai.com/api/download/models/2914452,https://civitai.com/models/2572843,qwen_image_edit_2509-原生(1).json
lora,Qwen\Qwen加速\Qwen-Image-Edit-2511-Lightning-4steps-V1.0-fp32.safetensors,1,LoraLoaderModelOnly,"iGEN ONE (ZImage, Ernie, FLUX1/2, Qwen, HiDream, Nunchaku)",2572843,,https://civitai.com/api/download/models/2914452,https://civitai.com/models/2572843,qwen_image_edit_2509-原生(1).json
lora,Qwen-Image\Qwen-Image-Lightning-4steps-V2.0.safetensors,1,LoraLoaderModelOnly,"iGEN ONE (ZImage, Ernie, FLUX1/2, Qwen, HiDream, Nunchaku)",2572843,,https://civitai.com/api/download/models/2914452,https://civitai.com/models/2572843,qwen_image文生图(Nunchaku)(1).json
lora,Qwen-Image\Qwen-Image-2512-Lightning-4steps-V1.0-fp32.safetensors,1,NunchakuQwenImageLoraLoader,"iGEN ONE (ZImage, Ernie, FLUX1/2, Qwen, HiDream, Nunchaku)",2572843,,https://civitai.com/api/download/models/2914452,https://civitai.com/models/2572843,qwen_image文生图(Nunchaku)(2).json
lora,20251109-140037.safetensors,1,LoraLoaderModelOnly,Pony Diffusion V6 XL,257749,,https://civitai.com/api/download/models/290640,https://civitai.com/models/257749,Qwen动漫转真人工作流(BETA).json
lora,lightx2v_I2V_14B_480p_cfg_step_distill_rank128_bf16.safetensors,1,LoraLoaderModelOnly,4步Qwen Edit 2511换头(Qwen Image Edit 2511 + lightx2v_4steps: Head Swap Workflow),2388580,,https://civitai.com/api/download/models/2685809,https://civitai.com/models/2388580,Revised by jefferson T8首尾帧 Wan2.2版Infinite Talk图生视频数字人 (Copy).json
lora,Lightx2v wan 2.2 high_noise_seko v1.1.safetensors,1,LoraLoaderModelOnly,4步Qwen Edit 2511换头(Qwen Image Edit 2511 + lightx2v_4steps: Head Swap Workflow),2388580,,https://civitai.com/api/download/models/2685809,https://civitai.com/models/2388580,SVI+2.0+Pro+for+Wan+2.2长视频一镜到底！(1).json
lora,ltx2\ltx-2.3-22b-distilled-lora-dynamic_fro09_avg_rank_105_bf16.safetensors,1,LoraLoaderModelOnly,"LTX-2.3, simple workflow. T2V,  I2V, I2V external audio, FFLF",2593905,,https://civitai.com/api/download/models/2918575,https://civitai.com/models/2593905,video_ltx23_i2v_simple(1).json
lora,ltx2\23\nsfw_riding_backshot_frontshot_ltx23_v1.0.safetensors,1,LoraLoaderModelOnly,nsfw z-image Romantic Red Evening Elegance – Strapless Floral Ruffle Gown With Cross-Lace Heels,2581641,,https://civitai.com/api/download/models/2900350,https://civitai.com/models/2581641,video_ltx23_i2v_simple(1).json
lora,Wan-Lighting\Wan2.2 - I2V_A14b_low_noise_lora_rank64_lightx2v_4step_1022.safetensors,1,LoraLoaderModelOnly,Wan 2.2 image to video,2572452,,https://civitai.com/api/download/models/2890303,https://civitai.com/models/2572452,Wan2.2+Remix+I2V+v2.1+++SVI2Pro+全自动反推长视频工作流.json
lora,wan/lightx2v_I2V_14B_480p_cfg_step_distill_rank64_bf16.safetensors,1,LoraLoaderModelOnly,4步Qwen Edit 2511换头(Qwen Image Edit 2511 + lightx2v_4steps: Head Swap Workflow),2388580,,https://civitai.com/api/download/models/2685809,https://civitai.com/models/2388580,Wan2.2-Animate-动作迁移-视频延长.json
lora,wan/WanAnimate_relight_lora_fp16.safetensors,1,LoraLoaderModelOnly,Wan Animate 2.2 + Steadydancer + one to all + SCAIL,2412018,,https://civitai.com/api/download/models/2711899,https://civitai.com/models/2412018,Wan2.2-Animate-动作迁移-视频延长.json
lora,wan2.2\Wan2.2-Lightning_T2V-A14B-4steps-lora_HIGH_fp16.safetensors,1,LoraLoaderModelOnly,Wan 2.2 image to video,2572452,,https://civitai.com/api/download/models/2890303,https://civitai.com/models/2572452,Wan2.2-I2V首尾帧视频拼接.json
lora,wan2.2\Wan2.2-Lightning_T2V-A14B-4steps-lora_LOW_fp16.safetensors,1,LoraLoaderModelOnly,Wan 2.2 image to video,2572452,,https://civitai.com/api/download/models/2890303,https://civitai.com/models/2572452,Wan2.2-I2V首尾帧视频拼接.json
lora,Wan2.2-T2V-A14B-4steps-lora-250928\low_noise_model.safetensors,1,LoraLoaderModelOnly,Junko Ejima - Daichis / 江島ジュン子（地球防衛家族）,2599471,,https://civitai.com/api/download/models/2920015,https://civitai.com/models/2599471,Wan2.2-T2V-A14B-4steps Simple V2V Enhancer 20251004(1).json
lora,Wan2_2\Wan2.2-Fun-A14B-InP-low-noise-HPS2.1.safetensors,1,LoraLoaderModelOnly,Wan 2.2 image to video,2572452,,https://civitai.com/api/download/models/2890303,https://civitai.com/models/2572452,Wan2.2-T2V-A14B-4steps Simple V2V Enhancer 20251004(1).json
lora,WanVideo\Wan14B_RealismBoost.safetensors,1,LoraLoaderModelOnly,Motion-Lora-Camera-Push-In-Wan-14B-720p-I2V,1784288,,https://civitai.com/api/download/models/2019338,https://civitai.com/models/1784288,Wan2.2-T2V-A14B-4steps Simple V2V Enhancer 20251004(1).json
lora,万相lora\SVI_v2_PRO_Wan2.2-I2V-A14B_HIGH_lora_rank_128_fp16.safetensors,1,LoraLoaderModelOnly,WAN 2.2 SVI Long Form Video Image to Video Diffusion/GGUF Workflow w/ Upscaling,2418122,,https://civitai.com/api/download/models/2718673,https://civitai.com/models/2418122,Wan2.2Dasiwa SVI 自动长视频 By 像素幻想Lab(1).json
lora,万相lora\SVI_v2_PRO_Wan2.2-I2V-A14B_LOW_lora_rank_128_fp16.safetensors,1,LoraLoaderModelOnly,WAN 2.2 SVI Long Form Video Image to Video Diffusion/GGUF Workflow w/ Upscaling,2418122,,https://civitai.com/api/download/models/2718673,https://civitai.com/models/2418122,Wan2.2Dasiwa SVI 自动长视频 By 像素幻想Lab(1).json
lora,gemma-3-12b-it-abliterated_lora_rank64_bf16.safetensors,1,LoraLoader,Gemma from Monster Hunter [IllustriousXL],2174929,,https://civitai.com/api/download/models/2449219,https://civitai.com/models/2174929,workflow_ltx2_head_swap_drag_and_drop_v3.0(1).json
lora,ltx-2/2.3/v3/lora_weights_step_10000.safetensors,1,LoraLoaderModelOnly,rio morales character anima LORA,2600135,,https://civitai.com/api/download/models/2920752,https://civitai.com/models/2600135,workflow_ltx2_head_swap_drag_and_drop_v3.0(1).json
lora,ltx-2/2.3/head_swap_extracted_mix_rank_adaptive_fro_0.98_fp16_00001_.safetensors,1,LoraLoaderModelOnly,Matsu - セキレイ (Sekirei) - 4 Outfits - Illustrious/SDXL,2597099,,https://civitai.com/api/download/models/2917396,https://civitai.com/models/2597099,workflow_ltx2_head_swap_drag_and_drop_v3.0(1).json
lora,ltx-2/ltx-2.3-22b-distilled-lora-dynamic_fro09_avg_rank_105_bf16.safetensors,1,LoraLoaderModelOnly,"LTX-2.3, simple workflow. T2V,  I2V, I2V external audio, FFLF",2593905,,https://civitai.com/api/download/models/2918575,https://civitai.com/models/2593905,workflow_ltx2_head_swap_drag_and_drop_v3.0(1).json
lora,z-image\Realistic Skin Texture style (Detailed Skin)  v2.1.safetensors,1,LoraLoaderModelOnly,SteelMix Semi-Realistic,2598262,,https://civitai.com/api/download/models/2918681,https://civitai.com/models/2598262,z+dype(1).json
lora,zimage\zimage_Cc风情万种7K5.safetensors,1,LoraLoaderModelOnly,Eldritch Ink Art for Z-Image,2597137,,https://civitai.com/api/download/models/2917439,https://civitai.com/models/2597137,Z-B-T.json
lora,ypj_lora_v2 step8000.safetensors,1,LoraLoaderModelOnly,Pony Diffusion V6 XL,257749,,https://civitai.com/api/download/models/290640,https://civitai.com/models/257749,Z-Image：亿级像素文生图，细节纤毫毕现，定义超高清影像新标准！高清放大(1).json
lora,flux-2-klein\Klein-大熊一致性consistency（0.4-1.0）.safetensors,1,LoraLoaderModelOnly,Elusarca's Scribbly Doodle LoRA | Klein 9B & 4B,2593550,,https://civitai.com/api/download/models/2913459,https://civitai.com/models/2593550,ZIB + ZIT涩涩双采+Klein高清.json
lora,z-image_Cc超广角滤镜2W7.safetensors,1,LoraLoaderModelOnly,Eldritch Ink Art for Z-Image,2597137,,https://civitai.com/api/download/models/2917439,https://civitai.com/models/2597137,Z双采+klein，V1雷公同款.json
lora,Klein\Klein_9B-一致性consis.safetensors,1,LoraLoaderModelOnly,Elusarca's Scribbly Doodle LoRA | Klein 9B & 4B,2593550,,https://civitai.com/api/download/models/2913459,https://civitai.com/models/2593550,▶Klein单图编辑-服装提取.json
lora,flux2\Klein 一致性增强.safetensors,1,LoraLoaderModelOnly,Elusarca's Scribbly Doodle LoRA | Klein 9B & 4B,2593550,,https://civitai.com/api/download/models/2913459,https://civitai.com/models/2593550,▶▶Zimage双采+三采+双放大（带模型和lora下载链接）(1).json
lora,flux-2-klein\F2K-9b-PussyDiffusion_v2.safetensors,1,LoraLoaderModelOnly,🚀 F2K9B | Flux 2 [klein] 9B LoRA Tester (FP8 Edition),2458041,,https://civitai.com/api/download/models/2775614,https://civitai.com/models/2458041,★NSW修复流-V3(1).json
lora,Qwen\eigen-banana-qwen-image-edit-2509-fp16-lora.safetensors,1,LoraLoaderModelOnly,Pony Diffusion V6 XL,257749,,https://civitai.com/api/download/models/290640,https://civitai.com/models/257749,【AI代码侠土豆】多参考图合成Qwen-Edit+eigen-banana.json
lora,Qwen\Qwen-Image_SmartphoneSnapshotPhotoReality_v4_by-AI_Characters_TRIGGER$amateur photo$.safetensors,1,LoraLoaderModelOnly,"iGEN ONE (ZImage, Ernie, FLUX1/2, Qwen, HiDream, Nunchaku)",2572843,,https://civitai.com/api/download/models/2914452,https://civitai.com/models/2572843,【AI代码侠土豆】多参考图合成Qwen-Edit+eigen-banana.json
lora,Flux-Turbo-Alpha.safetensors,1,LoraLoaderModelOnly,Flux 1D INEZ Female Model Lora [Big Round Boobs],2598042,,https://civitai.com/api/download/models/2918422,https://civitai.com/models/2598042,【AI小兵哥】Wan2_2_Animate_自动去Sora2视频水印工作流(1).json
lora,Ltx2.3-Licon-VBVR-I2V-390K-R32.safetensors,1,LoraLoaderModelOnly,"LTX-2.3, simple workflow. T2V,  I2V, I2V external audio, FFLF",2593905,,https://civitai.com/api/download/models/2918575,https://civitai.com/models/2593905,【LTX2.3】i2v_sulphur(1).json
lora,LTX23国风画质.safetensors,1,LoraLoaderModelOnly,LTX2.3 All in one - ID LoRA + ControlNet + Detailer + Upscaler + Custom Audio + Keyframes,2553704,,https://civitai.com/api/download/models/2869945,https://civitai.com/models/2553704,【LTX2.3】四宫格生视频 (单采).json
lora,head_swap_v3_rank_adaptive_fro_098.safetensors,1,LoraLoaderModelOnly,Matsu - セキレイ (Sekirei) - 4 Outfits - Illustrious/SDXL,2597099,,https://civitai.com/api/download/models/2917396,https://civitai.com/models/2597099,【LTX2.3】换脸.json
lora,Qwen\Qwen-Image-Edit-Lightning-8steps-V1.0.safetensors,1,LoraLoaderModelOnly,"iGEN ONE (ZImage, Ernie, FLUX1/2, Qwen, HiDream, Nunchaku)",2572843,,https://civitai.com/api/download/models/2914452,https://civitai.com/models/2572843,一键动漫转真人(1).json
lora,Qwen\lenovo.safetensors,1,LoraLoaderModelOnly,Lenovo UltraReal,1662740,,https://civitai.com/api/download/models/2882170,https://civitai.com/models/1662740,一键动漫转真人(1).json
lora,Qwen\Flat_AnimeStyle_Agino_V2.safetensors,1,LoraLoaderModelOnly,My deformed style,2593831,,https://civitai.com/api/download/models/2913762,https://civitai.com/models/2593831,一键动漫转真人(1).json
lora,lenovo.safetensors,1,LoraLoaderModelOnly,Lenovo UltraReal,1662740,,https://civitai.com/api/download/models/2882170,https://civitai.com/models/1662740,一键动漫转真人(1).json
lora,qwen-image-edit-2511-multiple-angles-lora.safetensors,1,LoraLoaderModelOnly,"iGEN ONE (ZImage, Ernie, FLUX1/2, Qwen, HiDream, Nunchaku)",2572843,,https://civitai.com/api/download/models/2914452,https://civitai.com/models/2572843,一键生成96个分镜图+多角度=Multiple Qwen edit 2511.json
lora,nunchaku\svdq-fp4_r32-qwen-image-edit-lightningv1.0-8steps.safetensors,1,LoraLoaderModelOnly,Pony Diffusion V6 XL,257749,,https://civitai.com/api/download/models/290640,https://civitai.com/models/257749,一键生成多视图(1).json
lora,Qwen-Image-Lightning-4steps-V1.0-bf16.safetensors,1,LoraLoaderModelOnly,"iGEN ONE (ZImage, Ernie, FLUX1/2, Qwen, HiDream, Nunchaku)",2572843,,https://civitai.com/api/download/models/2914452,https://civitai.com/models/2572843,三张换图.json
lora,flux2lora\Klein-consistency.safetensors,1,LoraLoaderModelOnly,Elusarca's Scribbly Doodle LoRA | Klein 9B & 4B,2593550,,https://civitai.com/api/download/models/2913459,https://civitai.com/models/2593550,三采样-Aiden-zimageT+B+fluxklein采样.json
lora,Z-IMAGE\REAL\Kook_Zimage_Base_极致真实.safetensors,1,LoraLoaderModelOnly,(Volume Edition) Qwen+2512+Kook Authentic Version High-Speed Automatic Text-to-Image Generator V1+,2294537,,https://civitai.com/api/download/models/2582008,https://civitai.com/models/2294537,三采样-Aiden-zimageT+B+fluxklein采样.json
lora,Qwen-Image-Edit-2511-Lightning-8steps-V1.0-bf16.safetensors,1,LoraLoaderModelOnly,"iGEN ONE (ZImage, Ernie, FLUX1/2, Qwen, HiDream, Nunchaku)",2572843,,https://civitai.com/api/download/models/2914452,https://civitai.com/models/2572843,人物姿势迁移++Qwen_image_edit_2511.json
lora,lora1\abf(身材优化和胸部更丰满).safetensors,1,LoraLoaderModelOnly,Pony Diffusion V6 XL,257749,,https://civitai.com/api/download/models/290640,https://civitai.com/models/257749,克雷斯Cless-Z-Image-Turbo 身材优化+丰满LoRA(1).json
lora,lora2\OB拍立得人像摄影Instant camera portrait photography V4.0.safetensors,1,LoraLoaderModelOnly,OB 超可爱时尚达人  Super cute fashionista,2183898,,https://civitai.com/api/download/models/2459030,https://civitai.com/models/2183898,克雷斯Cless-Z-Image-Turbo 身材优化+丰满LoRA(1).json
lora,sdxl_lightning_8step_lora.safetensors,1,LoraLoaderModelOnly,SuperFuta MaxBase — SDXL Realistic / Stylized Merge Experiment,2598728,,https://civitai.com/api/download/models/2919191,https://civitai.com/models/2598728,分块高清放大修复-手动-Power Puter-20251204  .json
lora,视频\Wan21_I2V_14B_lightx2v_cfg_step_distill_lora_rank64.safetensors,1,LoraLoaderModelOnly,Yor Forger (Spy x Family) — Realistic Flux / Wan2.1 Cosplay LoRA,2237073,,https://civitai.com/api/download/models/2519818,https://civitai.com/models/2237073,动作迁移-视频延长(1).json
lora,视频\lightx2v_I2V_14B_480p_cfg_step_distill_rank128_bf16.safetensors,1,LoraLoaderModelOnly,4步Qwen Edit 2511换头(Qwen Image Edit 2511 + lightx2v_4steps: Head Swap Workflow),2388580,,https://civitai.com/api/download/models/2685809,https://civitai.com/models/2388580,动作迁移-视频延长(1).json
lora,Wan21_PusaV1_LoRA_14B_rank512_bf16.safetensors,1,LoraLoaderModelOnly,Yor Forger (Spy x Family) — Realistic Flux / Wan2.1 Cosplay LoRA,2237073,,https://civitai.com/api/download/models/2519818,https://civitai.com/models/2237073,动作迁移.json
lora,Wan2.2-Fun-A14B-InP-low-noise-HPS2.1.safetensors,1,LoraLoaderModelOnly,Wan 2.2 image to video,2572452,,https://civitai.com/api/download/models/2890303,https://civitai.com/models/2572452,动作迁移.json
lora,wan2.2_i2v_lightx2v_4steps_lora_v1_high_noise.safetensors,1,LoraLoaderModelOnly,Wan 2.2 image to video,2572452,,https://civitai.com/api/download/models/2890303,https://civitai.com/models/2572452,动作迁移.json
lora,lightx2v_14B_T2V_cfg_step_distill_lora_adaptive_rank_quantile_0.15_bf16.safetensors,1,LoraLoaderModelOnly,4步Qwen Edit 2511换头(Qwen Image Edit 2511 + lightx2v_4steps: Head Swap Workflow),2388580,,https://civitai.com/api/download/models/2685809,https://civitai.com/models/2388580,动作迁移.json
lora,consistence_edit_v2.safetensors,1,LoraLoaderModelOnly,,,,,https://civitai.com/models?query=consistence_edit_v2,动漫转写实真人2511（零偏移_高还原）工作流.json
lora,Ball_jointed_Doll_V2_01.safetensors,1,LoraLoaderModelOnly,,,,,https://civitai.com/models?query=Ball_jointed_Doll_V2_01,动漫转真人1.json
lora,Qwen\2511\动漫转真人\AnythingtoRealCharacters2511_20.safetensors,1,LoraLoaderModelOnly,,,,,https://civitai.com/models?query=AnythingtoRealCharacters2511_20,动漫转真人合集.json
lora,Qwen\2509\Qwen-Image-Edit-2509-Lightning-8steps-V1.0-fp32.safetensors,1,LoraLoaderModelOnly,,,,,https://civitai.com/models?query=Qwen-Image-Edit-2509-Lightning-8steps-V1.0-fp32,动漫转真人合集.json
lora,001-Qwen千问\Qwen-Image-Edit-Lightning-4steps-V1.0.safetensors,1,LoraLoaderModelOnly,,,,,https://civitai.com/models?query=Qwen-Image-Edit-Lightning-4steps-V1.0,千问2511-文生图-图片编辑12.30(1).json
lora,wanAnimate相关\WanAnimate_relight_lora_fp16.safetensors,1,LoraLoaderModelOnly,,,,,https://civitai.com/models?query=WanAnimate_relight_lora,去除替换动作模仿全功能.json
lora,Wan22加速功能类\lightx2v_I2V_14B_480p_cfg_step_distill_rank256_bf16.safetensors,1,LoraLoaderModelOnly,,,,,https://civitai.com/models?query=lightx2v_I2V_14B_480p_cfg_step_distill_rank256,去除替换动作模仿全功能.json
lora,flux-2-klein\f2k_consist_20260225.safetensors,1,LoraLoaderModelOnly,,,,,https://civitai.com/models?query=f2k_consist_20260225,取白底图(1).json
lora,lightx2v_T2V_14B_cfg_step_distill_v2_lora_rank64_bf16.safetensors,1,LoraLoaderModelOnly,,,,,https://civitai.com/models?query=lightx2v_T2V_14B_cfg_step_distill_v2_lora_rank64,大合集-图生视频-音频.json
lora,wan\Wan2.2-Fun-A14B-InP-high-noise-MPS.safetensors,1,LoraLoaderModelOnly,,,,,https://civitai.com/models?query=Wan2.2-Fun-A14B-InP-high-noise-MPS,大合集-图生视频-音频.json
lora,wan\Wan2.2-Fun-A14B-InP-low-noise-HPS2.1.safetensors,1,LoraLoaderModelOnly,,,,,https://civitai.com/models?query=Wan2.2-Fun-A14B-InP-low-noise-HPS2.1,大合集-图生视频-音频.json
lora,z真实\细节\Realistic Skin Texture style (Detailed Skin)  v2.1.safetensors,1,LoraLoaderModelOnly,,,,,https://civitai.com/models?query=Realistic%20Skin%20Texture%20style%20%28Detailed%20Skin%29%20%20v2.1,实验1.json
lora,QWEN\next-scene_lora-v2-3000.safetensors,1,LoraLoaderModelOnly,,,,,https://civitai.com/models?query=next-scene_lora-v2-3000,拍鬼片的.json
lora,QWEN\Qwen-Image-Edit-2509-Lightning-8steps-V1.0-bf16.safetensors,1,LoraLoaderModelOnly,,,,,https://civitai.com/models?query=Qwen-Image-Edit-2509-Lightning-8steps-V1.0-bf16,拍鬼片的.json
lora,QWEN\Qwen-Image-Edit-F2P.safetensors,1,LoraLoaderModelOnly,,,,,https://civitai.com/models?query=Qwen-Image-Edit-F2P,拍鬼片的.json
lora,next-scene_lora-v2-3000.safetensors,1,LoraLoaderModelOnly,,,,,https://civitai.com/models?query=next-scene_lora-v2-3000,拍鬼片的.json
lora,ICEdit\ICEdit-MoE-LoRA.safetensors,1,LoraLoaderModelOnly,,,,,https://civitai.com/models?query=ICEdit-MoE-LoRA,新神器_ICEdit：本地P图(1).json
lora,ICEdit\pytorch_lora.safetensors,1,LoraLoaderModelOnly,,,,,https://civitai.com/models?query=pytorch_lora,新神器_ICEdit：本地P图(1).json
lora,ltx-2.3-22b-distilled-lora-resized_dynamic_rank_159_fro09_bf16.safetensors,1,LoraLoaderModelOnly,,,,,https://civitai.com/models?query=ltx-2.3-22b-distilled-lora-resized_dynamic_rank_159_fro09,最强优化—LTX2.3全自动—图生_ 文生视频.json
lora,ltx-2.3-22b-distilled-lora-dynamic_fro09_avg_rank_105_bf16.safetensors,1,LoraLoaderModelOnly,,,,,https://civitai.com/models?query=ltx-2.3-22b-distilled-lora-dynamic_fro09_avg_rank_105,最强优化—LTX2.3全自动—图生_ 文生视频.json
lora,zit_fdpo_v1.safetensors,1,LoraLoaderModelOnly,,,,,https://civitai.com/models?query=zit_fdpo_v1,神棍双采流带FDPO的LORA.json
lora,wangmoon光影1.safetensors,1,LoraLoaderModelOnly,,,,,https://civitai.com/models?query=wangmoon%E5%85%89%E5%BD%B11,空白工作流 (1) (1) (1).json
lora,wangmoon梦核20.safetensors,1,LoraLoaderModelOnly,MAJICFLUS-麦橘光影约拍,1114054,,https://civitai.com/api/download/models/1251883,https://civitai.com/models/1114054,空白工作流 (1) (1) (1).json
lora,Kook_Zimage_Base_极致真实.safetensors,1,LoraLoaderModelOnly,(Volume Edition) Qwen+2512+Kook Authentic Version High-Speed Automatic Text-to-Image Generator V1+,2294537,,https://civitai.com/api/download/models/2582008,https://civitai.com/models/2294537,空白工作流 (1) (1) (1).json
lora,细节\皮肤\kasakisoft_v3.safetensors,1,LoraLoader,Pony Diffusion V6 XL,257749,,https://civitai.com/api/download/models/290640,https://civitai.com/models/257749,群友的流.json
lora,USNR_STYLE_NB_Vpred_V3-000019.safetensors,1,LoraLoader,Pony Diffusion V6 XL,257749,,https://civitai.com/api/download/models/290640,https://civitai.com/models/257749,群友的流.json
lora,748cmSDXLvpred75S.safetensors,1,LoraLoader,Pony Diffusion V6 XL,257749,,https://civitai.com/api/download/models/290640,https://civitai.com/models/257749,群友的流.json
lora,re1na-000024.safetensors,1,LoraLoader,Pony Diffusion V6 XL,257749,,https://civitai.com/api/download/models/290640,https://civitai.com/models/257749,群友的流.json
lora,cknb02_stabilizer_v0.304a_fp16.safetensors,1,LoraLoader,Pony Diffusion V6 XL,257749,,https://civitai.com/api/download/models/290640,https://civitai.com/models/257749,群友的流.json
lora,未知\FXP02_Lokr_f4-000016.safetensors,1,LoraLoader,Pony Diffusion V6 XL,257749,,https://civitai.com/api/download/models/290640,https://civitai.com/models/257749,群友的流.json
lora,𝐓𝐡𝐞_𝐨𝐧𝐥𝐲_𝐋𝐨𝐑𝐀_𝐲𝐨𝐮_𝐞𝐯𝐞𝐫_𝐧𝐞𝐞𝐝__必要なのはLoRAだけ__by_CHROMEKIDD.safetensors,1,LoraLoader,Pony Diffusion V6 XL,257749,,https://civitai.com/api/download/models/290640,https://civitai.com/models/257749,群友的流.json
lora,wan22\ltx-2.3-22b-ic-lora-union-control-ref0.5.safetensors,1,LTXICLoRALoaderModelOnly,"LTX-2.3, simple workflow. T2V,  I2V, I2V external audio, FFLF",2593905,,https://civitai.com/api/download/models/2918575,https://civitai.com/models/2593905,视频去皮_8080(1).json
lora,flux-2-klein\Klein_9B-NSFW.safetensors,1,LoraLoaderModelOnly,Elusarca's Scribbly Doodle LoRA | Klein 9B & 4B,2593550,,https://civitai.com/api/download/models/2913459,https://civitai.com/models/2593550,视频去皮_8080(1).json
lora,LCM1.5.safetensors,1,LoraLoader,Pony Diffusion V6 XL,257749,,https://civitai.com/api/download/models/290640,https://civitai.com/models/257749,视频去频闪.json
lora,Qwen-Image-Edit-2509-Lightning-8steps-V1.0-fp32.safetensors,1,LoraLoaderModelOnly,"iGEN ONE (ZImage, Ernie, FLUX1/2, Qwen, HiDream, Nunchaku)",2572843,,https://civitai.com/api/download/models/2914452,https://civitai.com/models/2572843,角色多视图参考(1).json
lora,QWEN multiple angle.safetensors,1,LoraLoaderModelOnly,"iGEN ONE (ZImage, Ernie, FLUX1/2, Qwen, HiDream, Nunchaku)",2572843,,https://civitai.com/api/download/models/2914452,https://civitai.com/models/2572843,角色多视图参考(1).json
lora,z-image\Kook_Zimage_真实幻想_Turbo.safetensors,1,LoraLoaderModelOnly,(Volume Edition) Qwen+2512+Kook Authentic Version High-Speed Automatic Text-to-Image Generator V1+,2294537,,https://civitai.com/api/download/models/2582008,https://civitai.com/models/2294537,豹豹喵呜制作，双z双采样，高真实度工作流(1).json
lora,z-image\Jibs_Z-Image_skin_lora_V1.safetensors,1,LoraLoaderModelOnly,Jibs Qwen Skin Detailer/Imperfections lora,2136360,,https://civitai.com/api/download/models/2416596,https://civitai.com/models/2136360,豹豹喵呜制作，双z双采样，高真实度工作流(1).json
lora,ltx2.3-transition首尾过度.safetensors,1,LoraLoaderModelOnly,"LTX-2.3, simple workflow. T2V,  I2V, I2V external audio, FFLF",2593905,,https://civitai.com/api/download/models/2918575,https://civitai.com/models/2593905,首尾 OLLAMA 工作流 完美版.json
lora,Qwen-Image-Lightning-8steps-V1.1.safetensors,1,LoraLoaderModelOnly,"iGEN ONE (ZImage, Ernie, FLUX1/2, Qwen, HiDream, Nunchaku)",2572843,,https://civitai.com/api/download/models/2914452,https://civitai.com/models/2572843,骨骼姿态控制 人物一致性 一张图生成多姿势 写真图片 9月最新升级(1).json
lora,脱衣kontext-clothes_remover_v0.safetensors,1,LoraLoaderModelOnly,[SDXL&Pony] undressing / 脱衣,600916,,https://civitai.com/api/download/models/694059,https://civitai.com/models/600916,高清脱_V2.json
lora,乳头可见_nipples__v1.safetensors,1,LoraLoaderModelOnly,Wedding dress 不穿婚纱怎么行？for ZiB ZiT & F1,1003482,,https://civitai.com/api/download/models/2664610,https://civitai.com/models/1003482,高清脱_V2.json
lora,Real skin_实感肌肤_v1.0.safetensors,1,LoraLoaderModelOnly,Real HDR (Level of Color Detail Slider),2581643,,https://civitai.com/api/download/models/2900355,https://civitai.com/models/2581643,高清脱_V2.json
lora,人像精修_ 统一色调 _ 清洁瑕疵 _ 精修皮肤_1.0.safetensors,1,LoraLoaderModelOnly,人の心とかないんか？（呪術廻戦）,2570650,,https://civitai.com/api/download/models/2888388,https://civitai.com/models/2570650,高清脱_V2.json
lora,【拒绝油腻AI脸】皮肤细节增强器_V1.safetensors,1,LoraLoaderModelOnly,Directly refuse if not my type - 不是我喜欢的类型，直接拒绝。,1804853,,https://civitai.com/api/download/models/2042529,https://civitai.com/models/1804853,高清脱_V2.json
lora,kontext高清修复_v1.0.safetensors,1,LoraLoaderModelOnly,ComfyUI Flux Kontext 360 Degree LoRA Workflow,2522562,,https://civitai.com/api/download/models/2835191,https://civitai.com/models/2522562,高清脱_V2.json
lora,皮肤质感调整器-差异炼丹功能性lora模型v1.safetensors,1,LoraLoaderModelOnly,王者荣耀_少司缘涂山红红联动皮肤,2517086,,https://civitai.com/api/download/models/2829173,https://civitai.com/models/2517086,高清脱_V2.json
lora,美白少女 Whitening Girl_A.safetensors,1,LoraLoaderModelOnly,"Miori Motomiya (2 Outfits) - Haibara's Teenage New Game+ / 本宮 美織 , Motomiya Miori / 灰原くんの強くて青春ニューゲーム , Haibara-kun no Tsuyokute Seishun Nyū Gēmu",2591224,,https://civitai.com/api/download/models/2910889,https://civitai.com/models/2591224,高清脱_V2.json
lora,手部修复术，史上最完美的手部模型，汗毛清晰可见_v1.0.safetensors,1,LoraLoaderModelOnly,魔奥绮梦 Arcane Fantasy Collection 1 - Z image,2318520,,https://civitai.com/api/download/models/2802836,https://civitai.com/models/2318520,高清脱_V2.json
lora,平光，增强构图与材质真实感，消除人物AI感_1.0.safetensors,1,LoraLoaderModelOnly,Hiramitsu Hinata (Healin' Good ♥ Precure) /平光ひなた(ヒーリングっど♥プリキュア),1915494,,https://civitai.com/api/download/models/2167997,https://civitai.com/models/1915494,高清脱_V2.json
lora,真人皮肤质感增强_V1.safetensors,1,LoraLoaderModelOnly,anime to real,2417550,,https://civitai.com/api/download/models/2733739,https://civitai.com/models/2417550,高清脱_V2.json
lora,LTX-2-Image2Vid-Adapter.safetensors,1,LoraLoaderModelOnly,"LTX-2.3, simple workflow. T2V,  I2V, I2V external audio, FFLF",2593905,,https://civitai.com/api/download/models/2918575,https://civitai.com/models/2593905,高质量LTX-2.3图生视频MV制作工作流_大尸兄(1).json
lora,put it here_QwenEdit_V1.0.safetensors,1,LoraLoaderModelOnly,Chie (智恵) - Shiboyugi: Playing Death Games to Put Food on the Table (死亡遊戯で飯を食う。),2499957,,https://civitai.com/api/download/models/2810218,https://civitai.com/models/2499957,👨🏻Qwen_edit plus 2509-换头_换脸-F2P-聚焦裁剪-手动遮罩版(1).json
lora,千问lora\qwen-image-edit-2511-multiple-angles-lora.safetensors,1,LoraLoaderModelOnly,"iGEN ONE (ZImage, Ernie, FLUX1/2, Qwen, HiDream, Nunchaku)",2572843,,https://civitai.com/api/download/models/2914452,https://civitai.com/models/2572843,😶_🌫️千问2511 多角度自由切换🐳 26-01-09 (1).json
lora,千问lora\Qwen-Image-Edit-2511-Lightning-4steps-V1.0-bf16.safetensors,1,LoraLoaderModelOnly,"iGEN ONE (ZImage, Ernie, FLUX1/2, Qwen, HiDream, Nunchaku)",2572843,,https://civitai.com/api/download/models/2914452,https://civitai.com/models/2572843,😶_🌫️千问2511 多角度自由切换🐳 26-01-09 (1).json
unet,z_image_turbo_bf16.safetensors,31,UNETLoader,Eldritch Ink Art for Z-Image,2597137,,https://civitai.com/api/download/models/2917439,https://civitai.com/models/2597137,amazing-z-image-a_SAFETENSORS.json; amazing-z-image-b_SAFETENSORS(1).json; base+klein+seed（抽卡）.json
unet,flux-2-klein-9b-fp8.safetensors,20,UNETLoader,Flux 1D INEZ Female Model Lora [Big Round Boobs],2598042,,https://civitai.com/api/download/models/2918422,https://civitai.com/models/2598042,+人物一键三视图+Flux2+Klein（6G显存即可使用）(1).json; Flux.2 Klein Enhancer工作流(1).json; Flux2+Klein+人物替换+场景保持+工作流（6G显存可用）(1).json
unet,qwen_image_edit_2511_bf16.safetensors,17,UNETLoader,"iGEN ONE (ZImage, Ernie, FLUX1/2, Qwen, HiDream, Nunchaku)",2572843,,https://civitai.com/api/download/models/2914452,https://civitai.com/models/2572843,(M-V1)任意图像转换成真实风格图像 .json; Qwen Edit 2511 多景别镜头 人物一致性 Qwen-Edit-2511(1).json; Qwen-Edit-2511+Anypose+精确控制人体姿势(1).json
unet,z_image_bf16.safetensors,13,UNETLoader,Eldritch Ink Art for Z-Image,2597137,,https://civitai.com/api/download/models/2917439,https://civitai.com/models/2597137,AI代码侠土豆 瑶光电商图专用_换产品_衣服(1).json; base+klein+seed（抽卡）.json; KOOK_Zimage_底膜直出(1).json
unet,Qwen\qwen_image_edit_2511_fp8mixed.safetensors,9,UNETLoader_Any; UNETLoader,"iGEN ONE (ZImage, Ernie, FLUX1/2, Qwen, HiDream, Nunchaku)",2572843,,https://civitai.com/api/download/models/2914452,https://civitai.com/models/2572843,2511-合集版12.27(1).json; 2511-姿势迁移（自用）(1).json; 2511-姿势迁移（自用）(2).json
unet,ltx-2.3-22b-distilled-1.1_transformer_only_fp8_scaled.safetensors,8,UNETLoader,"LTX-2.3, simple workflow. T2V,  I2V, I2V external audio, FFLF",2593905,,https://civitai.com/api/download/models/2918575,https://civitai.com/models/2593905,LTX-2.3三图首尾.json; LTX-2.3四宫格.json; LTX-2.3文图(1).json
unet,qwen_image_edit_2511_fp8mixed.safetensors,7,UNETLoader,"iGEN ONE (ZImage, Ernie, FLUX1/2, Qwen, HiDream, Nunchaku)",2572843,,https://civitai.com/api/download/models/2914452,https://civitai.com/models/2572843,2511+镜头选择-单个(1).json; AIGC特异点-人物角色多角度丨一张图出全角度丨一次16张视角(1).json; Qwen+Imge+Edit+2511+Native+Shift+Fix(1).json
unet,flux-2-klein-9b.safetensors,7,UNETLoader,Flux 1D INEZ Female Model Lora [Big Round Boobs],2598042,,https://civitai.com/api/download/models/2918422,https://civitai.com/models/2598042,base+klein+seed（抽卡）.json; Flux2-Klein高清放大到8K-更强-嘟嘟.json; flux2_klein_换装 (1)(1).json
unet,LTX\ltx-2-19b-dev-fp8_transformer_only.safetensors,7,UNETLoader,"LTX-2.3, simple workflow. T2V,  I2V, I2V external audio, FFLF",2593905,,https://civitai.com/api/download/models/2918575,https://civitai.com/models/2593905,LTX-2 - T2V Basic.json; LTX2-I2V(1).json; LTX2-IS2V(1).json
unet,Wan2.2_Remix_NSFW_i2v_14b_high_lighting_v2.0.safetensors,7,UNETLoader,Wan 2.2 image to video,2572452,,https://civitai.com/api/download/models/2890303,https://civitai.com/models/2572452,Wan2.2+Remix+i2v+首尾帧循环壁纸工作流 (2).json; WAN2.2-RemixV2-I2V图生视频_首尾帧视频.json; WAN2.2-RemixV2-I2V图生视频_首尾帧视频.json
unet,Wan2.2_Remix_NSFW_i2v_14b_low_lighting_v2.0.safetensors,7,UNETLoader,Wan 2.2 image to video,2572452,,https://civitai.com/api/download/models/2890303,https://civitai.com/models/2572452,Wan2.2+Remix+i2v+首尾帧循环壁纸工作流 (2).json; WAN2.2-RemixV2-I2V图生视频_首尾帧视频.json; WAN2.2-RemixV2-I2V图生视频_首尾帧视频.json
unet,flux2\flux-2-klein-9b-fp8.safetensors,7,UNETLoader,Flux 1D INEZ Female Model Lora [Big Round Boobs],2598042,,https://civitai.com/api/download/models/2918422,https://civitai.com/models/2598042,▶F2K-高清重绘+高一致性编辑流+KV加速流(1).json; ▶F2K-高清重绘+高一致性编辑流+KV加速流(1).json; ▶▶瑶光+Midjourney风格工作流（带模型和lora下载链接）(1).json
unet,acestep\acestep_v1.5_xl_sft_bf16.safetensors,6,UNETLoader,ACE-Step Audio Gen,2549270,,https://civitai.com/api/download/models/2864949,https://civitai.com/models/2549270,ACE-Step1.5XL_双采推荐_三采实验_工作流.json; ACE-Step1.5XL_双采推荐_三采实验_工作流.json; ACE-Step1.5XL_双采推荐_三采实验_工作流.json
unet,acestep\acestep_v1.5_xl_turbo_bf16.safetensors,6,UNETLoader,ACE-Step Audio Gen,2549270,,https://civitai.com/api/download/models/2864949,https://civitai.com/models/2549270,ACE-Step1.5XL_双采推荐_三采实验_工作流.json; ACE-Step1.5XL_双采推荐_三采实验_工作流.json; ACE-Step1.5XL_双采推荐_三采实验_工作流.json
unet,z-image\Z-image-ZiT-moodyPornMix_zitV7-fp8.safetensors,6,UNETLoader,Eldritch Ink Art for Z-Image,2597137,,https://civitai.com/api/download/models/2917439,https://civitai.com/models/2597137,For循环Zimage文图+seedvr2(1).json; For循环Zimage文图+seedvr2(1).json; For循环Zimage文图+seedvr2(1)_20260317_114852.json
unet,Z\原版\z_image_turbo_bf16.safetensors,6,UNETLoader,Eldritch Ink Art for Z-Image,2597137,,https://civitai.com/api/download/models/2917439,https://civitai.com/models/2597137,wdddd(1).json; wdddd(1).json; wdddd(2).json
unet,z-image\z_image_base-bf16.safetensors,6,UNETLoader,Eldritch Ink Art for Z-Image,2597137,,https://civitai.com/api/download/models/2917439,https://civitai.com/models/2597137,▶▶Zimage双采+三采+双放大（带模型和lora下载链接）(1).json; ▶▶瑶光+Midjourney风格工作流（带模型和lora下载链接）(1).json; ▶▶瑶光+动漫+MJ风格工作流（带模型和lora下载链接）(1).json
unet,FireRed-Image-Edit-1.1_fp8mixed_comfy.safetensors,5,UNETLoader,FireRed_OmniRealism,2503075,,https://civitai.com/api/download/models/2813721,https://civitai.com/models/2503075,08.FireRed-Image-Edit合集(1).json; AI代码侠土豆 瑶光电商图专用_换产品_衣服(1).json; ▶Klein单图编辑-服装提取.json
unet,LTX-2.3-distilled-Q4_K_M.gguf,5,UnetLoaderGGUF,"LTX-2.3, simple workflow. T2V,  I2V, I2V external audio, FFLF",2593905,,https://civitai.com/api/download/models/2918575,https://civitai.com/models/2593905,2.3去字8G可用.json; LTX2.3 (1).json; LTX2.3 (1).json
unet,QwenImageEdit\qwen-image-edit-2511-Q4_K_S.gguf,5,UnetLoaderGGUF,"iGEN ONE (ZImage, Ernie, FLUX1/2, Qwen, HiDream, Nunchaku)",2572843,,https://civitai.com/api/download/models/2914452,https://civitai.com/models/2572843,QwenEdit2511-单图+双图编辑+高清放大_v251228.json; QwenEdit2511-姿势迁移+高清放大_v251227.json; QwenEdit2511-精准涂抹编辑+高清放大_v251227.json
unet,z_image\z_image_turbo_bf16.safetensors,5,UNETLoader,Eldritch Ink Art for Z-Image,2597137,,https://civitai.com/api/download/models/2917439,https://civitai.com/models/2597137,z+dype(2).json; Z-B-T.json; Z-image文生图极限高清修复 .json
unet,Qwen-Image-Edit-2509_fp8_e4m3fn.safetensors,5,UNETLoader,"iGEN ONE (ZImage, Ernie, FLUX1/2, Qwen, HiDream, Nunchaku)",2572843,,https://civitai.com/api/download/models/2914452,https://civitai.com/models/2572843,【AI代码侠土豆】多参考图合成Qwen-Edit+eigen-banana.json; 一键生成多视图(1).json; 拍鬼片的.json
unet,ltx-2.3-22b-distilled_transformer_only_fp8_input_scaled_v3.safetensors,4,UNETLoader,"LTX-2.3, simple workflow. T2V,  I2V, I2V external audio, FFLF",2593905,,https://civitai.com/api/download/models/2918575,https://civitai.com/models/2593905,1(1).json; LTX2.3-首尾帧超级转场+Qwen3.5自动提示词(1).json; video_ltx2_3_FLframe_transion_guide_multi(1).json
unet,wan2.2\Wan2.2_Remix_NSFW_i2v_14b_high_lighting_v2.0.safetensors,4,UNETLoader,Wan 2.2 image to video,2572452,,https://civitai.com/api/download/models/2890303,https://civitai.com/models/2572452,1.Wan_2.2REMIX V2 NSFW 图生视频.json; 2.Wan2.2_REMIX V2 NSFW 首尾帧视频.json; 3.Wan2.2_REMIX V2 首-中-尾三帧视频.json
unet,wan2.2\Wan2.2_Remix_NSFW_i2v_14b_low_lighting_v2.0.safetensors,4,UNETLoader,Wan 2.2 image to video,2572452,,https://civitai.com/api/download/models/2890303,https://civitai.com/models/2572452,1.Wan_2.2REMIX V2 NSFW 图生视频.json; 2.Wan2.2_REMIX V2 NSFW 首尾帧视频.json; 3.Wan2.2_REMIX V2 首-中-尾三帧视频.json
unet,flux-2-klein\F2K-9b-miracleinNSFWGeneration_10Fp8.safetensors,4,UNETLoader,🚀 F2K9B | Flux 2 [klein] 9B LoRA Tester (FP8 Edition),2458041,,https://civitai.com/api/download/models/2775614,https://civitai.com/models/2458041,▶▶ZITB+F2K+NSW修复+高清(整合流)(1).json; ▶▶ZITB+F2K+NSW修复+高清(整合流)(1).json; ▶▶ZITB+F2K+NSW修复+高清(整合流)(1).json
unet,acestep\acestep_v1.5_xl_base_bf16.safetensors,3,UNETLoader,ACE-Step Audio Gen,2549270,,https://civitai.com/api/download/models/2864949,https://civitai.com/models/2549270,ACE-Step1.5XL_双采推荐_三采实验_工作流.json; ACE-Step1.5XL_双采推荐_三采实验_工作流.json; ACE-Step1.5XL_双采高音质推荐_工作流(1).json
unet,ltx-2.3-22b-dev_transformer_only_bf16.safetensors,3,UNETLoader,"LTX-2.3, simple workflow. T2V,  I2V, I2V external audio, FFLF",2593905,,https://civitai.com/api/download/models/2918575,https://civitai.com/models/2593905,LTX2.3 文生视频(1).json; LTX2.3 文生视频-1.json; LTX2.3 文生视频-3 (1)(1).json
unet,Z-image\z_image_turbo_bf16.safetensors,3,UNETLoader,Eldritch Ink Art for Z-Image,2597137,,https://civitai.com/api/download/models/2917439,https://civitai.com/models/2597137,q0403 (33)(1).json; 三采样-Aiden-zimageT+B+fluxklein采样.json; 三采样-Aiden-zimageT+B+fluxklein采样.json
unet,qwen_image_edit_2509_fp8_e4m3fn.safetensors,3,UNETLoader,"iGEN ONE (ZImage, Ernie, FLUX1/2, Qwen, HiDream, Nunchaku)",2572843,,https://civitai.com/api/download/models/2914452,https://civitai.com/models/2572843,qwen_image_edit_2509-原生(1).json; 骨骼姿态控制 人物一致性 一张图生成多姿势 写真图片 9月最新升级(1).json; 👨🏻Qwen_edit plus 2509-换头_换脸-F2P-聚焦裁剪-手动遮罩版(1).json
unet,Wan2.2_Remix_NSFW_i2v_14b_high_lighting_fp8_e4m3fn_v2.1.safetensors,3,UNETLoader,Wan 2.2 image to video,2572452,,https://civitai.com/api/download/models/2890303,https://civitai.com/models/2572452,Wan2.2 Remix i2v 2.1 图生视频VBVR推理强化工作流-Qwen3 VQA版 (1).json; Wan2.2+Remix+I2V+v2.1+++SVI2Pro+全自动反推长视频工作流.json; Wan22_VBVR_Base(1).json
unet,flux-2-klein\flux-2-klein-9b-fp8.safetensors,3,UNETLoader,Flux 1D INEZ Female Model Lora [Big Round Boobs],2598042,,https://civitai.com/api/download/models/2918422,https://civitai.com/models/2598042,▶flux-2-klein-单-多图编辑(1).json; ▶flux-2-klein-单-多图编辑(1)_20260406_094433.json; 视频去皮_8080(1).json
unet,z_image\ZIT-moodyRealMix_zitV4DPO.safetensors,3,UNETLoader,RazbolicX - Semi-realistic Fantasy Style [ZIT],2596395,,https://civitai.com/api/download/models/2916598,https://civitai.com/models/2596395,▶▶ZITB+F2K+NSW修复+高清(整合流)(1).json; ▶▶ZITB+F2K+NSW修复+高清(整合流)(1).json; ▶▶ZITB+F2K+NSW修复+高清(整合流)(1).json
unet,wan2.2_t2v_low_noise_14B_fp8_scaled.safetensors,2,UNETLoader,Wan 2.2 image to video,2572452,,https://civitai.com/api/download/models/2890303,https://civitai.com/models/2572452,1 Wan2.2质量文生图+TTP高阶放大（全网ID ：楚门的AI世界）(1).json; Qwen-Image多LoRA文生图+面部细化+洗图+高清放大工作流V2(1).json
unet,z-image\z-image-turbo-fp8-10Ge4m3fn.safetensors,2,UNETLoader,Eldritch Ink Art for Z-Image,2597137,,https://civitai.com/api/download/models/2917439,https://civitai.com/models/2597137,For循环Zimage文图+seedvr2(1)_20260317_114852.json; For循环Zimage文图+seedvr2(7)(1).json
unet,Wan\DasiwaWAN22I2V14BLightspeed_synthseductionLowV9.safetensors,2,UNETLoader,Pony Diffusion V6 XL,257749,,https://civitai.com/api/download/models/290640,https://civitai.com/models/257749,Jwx-DasiwaV9单图漫剧视频生成(1).json; Jwx-DasiwaV9双图首尾帧图生视频(1).json
unet,Wan\DasiwaWAN22I2V14BLightspeed_synthseductionHighV9.safetensors,2,UNETLoader,Pony Diffusion V6 XL,257749,,https://civitai.com/api/download/models/290640,https://civitai.com/models/257749,Jwx-DasiwaV9单图漫剧视频生成(1).json; Jwx-DasiwaV9双图首尾帧图生视频(1).json
unet,z_image_turbo\z_image_turbo_bf16.safetensors,2,UNETLoader,Eldritch Ink Art for Z-Image,2597137,,https://civitai.com/api/download/models/2917439,https://civitai.com/models/2597137,kook-zimage-真实幻想-人物LORA生效工作流.json; ZIT_Luneva_WF_v2.2_无限细节增强工作流.json
unet,qwen_image_2512_bf16.safetensors,2,UNETLoader,"iGEN ONE (ZImage, Ernie, FLUX1/2, Qwen, HiDream, Nunchaku)",2572843,,https://civitai.com/api/download/models/2914452,https://civitai.com/models/2572843,KOOK_Qwen_2512+Zimage_真实人像 (1).json; KOOK_Qwen_2512+Zimage_真实人像(2).json
unet,LTX2.3\ltx-2.3-22b-dev_transformer_only_fp8_scaled.safetensors,2,UNETLoader,"LTX-2.3, simple workflow. T2V,  I2V, I2V external audio, FFLF",2593905,,https://civitai.com/api/download/models/2918575,https://civitai.com/models/2593905,LTX 2.3 数字人对口型工作流V3 - By：肥猴(1).json; LTX 2.3 文生视频 + 图生视频 二合一工作流V3 - By：肥猴(1).json
unet,LTX\ltx-2.3-22b-dev_transformer_only_fp8_scaled.safetensors,2,UNETLoader,"LTX-2.3, simple workflow. T2V,  I2V, I2V external audio, FFLF",2593905,,https://civitai.com/api/download/models/2918575,https://civitai.com/models/2593905,LTX 2.3 文生视频 + 图生视频 二合一工作流V3 - By：肥猴.json; LTX-2.3-人物lora一键MV翻唱（后续不更新）.json
unet,LTX-2.3-distilled-Q5_K_M.gguf,2,UnetLoaderGGUF,"LTX-2.3, simple workflow. T2V,  I2V, I2V external audio, FFLF",2593905,,https://civitai.com/api/download/models/2918575,https://civitai.com/models/2593905,LTX-2.3文图(1).json; LTX-2.3文图(4).json
unet,ltx2\ltx-2.3-22b-distilled_transformer_only_fp8_scaled.safetensors,2,UNETLoader,"LTX-2.3, simple workflow. T2V,  I2V, I2V external audio, FFLF",2593905,,https://civitai.com/api/download/models/2918575,https://civitai.com/models/2593905,ltx2_3_i2v(1).json; ltx2_3_i2v.json
unet,Z-image\z_image_bf16.safetensors,2,UNETLoader,Eldritch Ink Art for Z-Image,2597137,,https://civitai.com/api/download/models/2917439,https://civitai.com/models/2597137,q0403 (33)(1).json; 三采样-Aiden-zimageT+B+fluxklein采样.json
unet,Qwen-Rapid-AIO-NSFW-v18.safetensors,2,UNETLoader,"iGEN ONE (ZImage, Ernie, FLUX1/2, Qwen, HiDream, Nunchaku)",2572843,,https://civitai.com/api/download/models/2914452,https://civitai.com/models/2572843,QWEN-2511-AIO合集.json; QWEN-2511-AIO合集.json
unet,qwen_image_2512_fp8_e4m3fn.safetensors,2,UNETLoader,"iGEN ONE (ZImage, Ernie, FLUX1/2, Qwen, HiDream, Nunchaku)",2572843,,https://civitai.com/api/download/models/2914452,https://civitai.com/models/2572843,QWEN-2511-AIO合集.json; 【尺素】人物美学Z三采可视化sigam工作流 (1).json
unet,Qwen\qwen_image_edit_2511_bf16.safetensors,2,UNETLoader,"iGEN ONE (ZImage, Ernie, FLUX1/2, Qwen, HiDream, Nunchaku)",2572843,,https://civitai.com/api/download/models/2914452,https://civitai.com/models/2572843,qwen-2511-多图编辑.json; qwen_image_edit_2509-原生(1).json
unet,qwen-image-edit-2511-Q6_K.gguf,2,UnetLoaderGGUF,"iGEN ONE (ZImage, Ernie, FLUX1/2, Qwen, HiDream, Nunchaku)",2572843,,https://civitai.com/api/download/models/2914452,https://civitai.com/models/2572843,Qwen2511三图编辑二次采样+SeedVR2高清.json; 人像数据集生成for循环(1).json
unet,wan2.2_i2v_low_noise_14B_fp8_scaled.safetensors,2,UNETLoader,Wan 2.2 image to video,2572452,,https://civitai.com/api/download/models/2890303,https://civitai.com/models/2572452,Revised by jefferson T8首尾帧 Wan2.2版Infinite Talk图生视频数字人 (Copy).json; wan2.2无限首尾帧.json
unet,wan2.2_i2v_high_noise_14B_fp8_scaled.safetensors,2,UNETLoader,Wan 2.2 image to video,2572452,,https://civitai.com/api/download/models/2890303,https://civitai.com/models/2572452,Revised by jefferson T8首尾帧 Wan2.2版Infinite Talk图生视频数字人 (Copy).json; wan2.2无限首尾帧.json
unet,Wan2.2_Remix_NSFW_i2v_14b_low_lighting_fp8_e4m3fn_v2.1.safetensors,2,UNETLoader,Wan 2.2 image to video,2572452,,https://civitai.com/api/download/models/2890303,https://civitai.com/models/2572452,Wan2.2+Remix+I2V+v2.1+++SVI2Pro+全自动反推长视频工作流.json; Wan22_VBVR_Base(1).json
unet,WAN\wan22-Svi-FP8-nolingthning-NSFW-L.safetensors,2,UNETLoader,Wan2.2 i2v Claude用日本語Prompt,2555142,,https://civitai.com/api/download/models/2893703,https://civitai.com/models/2555142,Wan2.2_SVI_长视频生成_Nsfw (1).json; Wan2.2_SVI_长视频生成_Nsfw .json
unet,WAN\wan22-Svi-FP8-nolingthning-NSFW-H.safetensors,2,UNETLoader,Wan2.2 i2v Claude用日本語Prompt,2555142,,https://civitai.com/api/download/models/2893703,https://civitai.com/models/2555142,Wan2.2_SVI_长视频生成_Nsfw (1).json; Wan2.2_SVI_长视频生成_Nsfw .json
unet,Wan2.2\wan2.2_i2v_A14b_high_noise_scaled_fp8_e4m3_lightx2v_4step_comfyui.safetensors,2,UNETLoader,Wan 2.2 image to video,2572452,,https://civitai.com/api/download/models/2890303,https://civitai.com/models/2572452,YZ金鱼-Wan2.2 图文生视频&首尾帧3合1加速版v1.json; YZ金鱼-Wan2.2 图文生视频&首尾帧3合1加速版v1.json
unet,Wan2.2\wan2.2_i2v_A14b_low_noise_scaled_fp8_e4m3_lightx2v_4step_comfyui.safetensors,2,UNETLoader,Wan 2.2 image to video,2572452,,https://civitai.com/api/download/models/2890303,https://civitai.com/models/2572452,YZ金鱼-Wan2.2 图文生视频&首尾帧3合1加速版v1.json; YZ金鱼-Wan2.2 图文生视频&首尾帧3合1加速版v1.json
unet,z\z_image_turbo_bf16.safetensors,2,UNETLoader,Eldritch Ink Art for Z-Image,2597137,,https://civitai.com/api/download/models/2917439,https://civitai.com/models/2597137,Z+Controlnet.json; Z双采+klein(1).json
unet,Z-Image\z_image_turbo_bf16.safetensors,2,UNETLoader,Eldritch Ink Art for Z-Image,2597137,,https://civitai.com/api/download/models/2917439,https://civitai.com/models/2597137,Z-image-CN控制V2.1-姿势自由版(1).json; 克雷斯Cless-Z-Image-Turbo 身材优化+丰满LoRA(1).json
unet,flux-2-klein\flux-2-klein-9b-Q4_K_M.gguf,2,UnetLoaderGGUF,Flux 1D INEZ Female Model Lora [Big Round Boobs],2598042,,https://civitai.com/api/download/models/2918422,https://civitai.com/models/2598042,▶flux-2-klein-单-多图编辑(1).json; ▶flux-2-klein-单-多图编辑(1)_20260406_094433.json
unet,Wan\wan2.2_i2v_A14b_low_noise_scaled_fp8_e4m3_lightx2v_4step_comfyui.safetensors,2,UNETLoader,Wan 2.2 image to video,2572452,,https://civitai.com/api/download/models/2890303,https://civitai.com/models/2572452,▶Infinite Talk首尾帧数字人(1).json; ▶Infinite Talk首尾帧数字人(测试)(1).json
unet,Wan\wan2.2_i2v_A14b_high_noise_scaled_fp8_e4m3_lightx2v_4step_comfyui.safetensors,2,UNETLoader,Wan 2.2 image to video,2572452,,https://civitai.com/api/download/models/2890303,https://civitai.com/models/2572452,▶Infinite Talk首尾帧数字人(1).json; ▶Infinite Talk首尾帧数字人(测试)(1).json
unet,z_image\z-image-turbo-fp8-e4m3fn.safetensors,2,UNETLoader,Eldritch Ink Art for Z-Image,2597137,,https://civitai.com/api/download/models/2917439,https://civitai.com/models/2597137,▶Z-image-CN控制V2.1-工作流(1).json; ▶Z-image-CN控制V2.1-工作流(1).json
unet,z-image\z_image_turbo_bf16.safetensors,2,UNETLoader,Eldritch Ink Art for Z-Image,2597137,,https://civitai.com/api/download/models/2917439,https://civitai.com/models/2597137,▶▶Zimage双采+三采+双放大（带模型和lora下载链接）(1).json; 豹豹喵呜制作，双z双采样，高真实度工作流(1).json
unet,Qwen-image Edit Anything to Real Characters动漫转真人.safetensors,2,UNETLoader,"iGEN ONE (ZImage, Ernie, FLUX1/2, Qwen, HiDream, Nunchaku)",2572843,,https://civitai.com/api/download/models/2914452,https://civitai.com/models/2572843,一键动漫转真人(1).json; 一键动漫转真人(1).json
unet,Flux\Flux2-Klein-9B-True-v2-fp8mixed.safetensors,2,UNETLoader,MS LuisRoyo Style Flux.2 klein,2588084,,https://civitai.com/api/download/models/2907393,https://civitai.com/models/2588084,动漫转真人合集.json; 模糊图片修复(1).json
unet,wan2.2_i2v_A14b_high_noise_scaled_fp8_e4m3_lightx2v_4step_comfyui.safetensors,2,UNETLoader,Wan 2.2 image to video,2572452,,https://civitai.com/api/download/models/2890303,https://civitai.com/models/2572452,拍鬼片的.json; 拍鬼片的.json
unet,wan2.2_i2v_A14b_low_noise_scaled_fp8_e4m3_lightx2v_4step_comfyui.safetensors,2,UNETLoader,Wan 2.2 image to video,2572452,,https://civitai.com/api/download/models/2890303,https://civitai.com/models/2572452,拍鬼片的.json; 拍鬼片的.json
unet,new_flux-2-klein-4b.safetensors,1,UNETLoader,Chisato Hasegawa (The Testament of Sister New Devil) - 7 outfits! - Commission!,2596640,,https://civitai.com/api/download/models/2916880,https://civitai.com/models/2596640,0-【本地解码】flux2+klein+“指定位置”+皮肤完美克隆.json
unet,flux-2-klein-9b-kv.safetensors,1,UNETLoader,Flux 1D INEZ Female Model Lora [Big Round Boobs],2598042,,https://civitai.com/api/download/models/2918422,https://civitai.com/models/2598042,0-【本地解码】flux2+klein+“指定位置”+皮肤完美克隆.json
unet,F.1-Fill-fp16_Inpaint&Outpaint_1.0,1,UNETLoader,F.W.ZHolic,2594808,,https://civitai.com/api/download/models/2914858,https://civitai.com/models/2594808,07_修手(1).json
unet,z_image_turbo_bf16_nsfw.safetensors,1,UNETLoader,Eldritch Ink Art for Z-Image,2597137,,https://civitai.com/api/download/models/2917439,https://civitai.com/models/2597137,1-Aiden-Zimage增强细节-高清放大lora工作流 (1)(1).json
unet,10Eros_v1_fp8_transformer.safetensors,1,UNETLoader,Pony Diffusion V6 XL,257749,,https://civitai.com/api/download/models/290640,https://civitai.com/models/257749,10Eros_10SNodes_TripleSample_I2V(2).json
unet,ltx-2.3-22b-dev_transformer_only_fp8_scaled.safetensors,1,UNETLoader,"LTX-2.3, simple workflow. T2V,  I2V, I2V external audio, FFLF",2593905,,https://civitai.com/api/download/models/2918575,https://civitai.com/models/2593905,10Eros_i2v(1).json
unet,smoothMixWan22I2VT2V_i2vHigh-Q8_0.gguf,1,UnetLoaderGGUF,Pony Diffusion V6 XL,257749,,https://civitai.com/api/download/models/290640,https://civitai.com/models/257749,231-SVI-Pro-图生长视频512P.json
unet,wan2.2_i2v_low_noise_14B_Q8_0.gguf,1,UnetLoaderGGUF,Wan 2.2 image to video,2572452,,https://civitai.com/api/download/models/2890303,https://civitai.com/models/2572452,231-SVI-Pro-图生长视频512P.json
unet,kirazuriAnima_v20AnimaPreview3.safetensors,1,UNETLoader,Pony Diffusion V6 XL,257749,,https://civitai.com/api/download/models/290640,https://civitai.com/models/257749,2k完整-002.json
unet,waiANIMA_v10.safetensors,1,UNETLoader,Pony Diffusion V6 XL,257749,,https://civitai.com/api/download/models/290640,https://civitai.com/models/257749,2k完整-002.json
unet,z-image-turbo-fp8-e4m3fn.safetensors,1,UNETLoader_Any,Eldritch Ink Art for Z-Image,2597137,,https://civitai.com/api/download/models/2917439,https://civitai.com/models/2597137,AI代码侠土豆-I2V数字人合集(1).json
unet,Wan2_2_Animate_14B_Q8_0.gguf,1,UnetLoaderGGUF,Wan 2.2 image to video,2572452,,https://civitai.com/api/download/models/2890303,https://civitai.com/models/2572452,Animate高质量动作迁移无限流（全自动五层）(1).json
unet,ComfyUI_00002_.safetensors,1,UNETLoader,LTX 2.3 Prompt Relay in ComfyUI | Image-to-Video Workflow,2587104,,https://civitai.com/api/download/models/2906319,https://civitai.com/models/2587104,anything2real+2601+A+demo+with+vlm+enhance (1)(1).json
unet,ZIT\RedZ-KawaiiKinkyNE-kreav2.2.safetensors,1,UNETLoader,Red Z-Image-Turbo Image Mimic Workflow(NSFW),2217377,,https://civitai.com/api/download/models/2496383,https://civitai.com/models/2217377,DBZ_00100_(1).json
unet,ZIT\whiteZimageBASE_v10.safetensors,1,UNETLoader,Pony Diffusion V6 XL,257749,,https://civitai.com/api/download/models/290640,https://civitai.com/models/257749,DBZ_00100_(1).json
unet,FLUX1\flux1-krea-dev.safetensors,1,UNETLoader,Oh My Goddess!-Urd-Flux1,2589860,,https://civitai.com/api/download/models/2909393,https://civitai.com/models/2589860,DyPE-Flux-workflow.json
unet,Qwen_Image_fp8_e5m2_scaled_KJ.safetensors,1,UNETLoader,"iGEN ONE (ZImage, Ernie, FLUX1/2, Qwen, HiDream, Nunchaku)",2572843,,https://civitai.com/api/download/models/2914452,https://civitai.com/models/2572843,DyPE-Qwen-workflow.json
unet,FireRed-Image-Edit-1.1-transformer.safetensors,1,UNETLoader,FireRed_OmniRealism,2503075,,https://civitai.com/api/download/models/2813721,https://civitai.com/models/2503075,FireRed Image Edit 1.1三图输入编辑ComfyUI工作流(1).json
unet,FireRed\FireRed-Image-Edit-1.1_fp8mixed_comfy.safetensors,1,UNETLoader,FireRed_OmniRealism,2503075,,https://civitai.com/api/download/models/2813721,https://civitai.com/models/2503075,FireRed-一键生成人物训练数据集（生图+打标）(1).json
unet,flux\flux2-dev.safetensors,1,UNETLoader,MS LuisRoyo Style Flux.2 klein,2588084,,https://civitai.com/api/download/models/2907393,https://civitai.com/models/2588084,flux2-图像参考.json
unet,Wan2.1\Aniwan-I2V-720p.safetensors,1,UNETLoader,MultiTalk+Aniwan Single KJ High Quality Accelerated Stabilized Version V4 (Face Consistency Version),1809252,,https://civitai.com/api/download/models/2047474,https://civitai.com/models/1809252,InfiniteTalk官方节点For循环(test260122).json
unet,KJ\Wan2_1-I2V-14B-480p_fp8_e4m3fn_scaled_KJ.safetensors,1,UNETLoader,Wan 2.2 image to video,2572452,,https://civitai.com/api/download/models/2890303,https://civitai.com/models/2572452,InfiniteTalk官流节点.json
unet,split_files/diffusion_models/wan2.2_i2v_high_noise_14B_fp8_scaled.safetensors,1,UNETLoader,Wan 2.2 image to video,2572452,,https://civitai.com/api/download/models/2890303,https://civitai.com/models/2572452,jeff from t8首尾帧 Wan2.2版Infinite Talk图生视频数字人(1).json
unet,split_files/diffusion_models/wan2.2_i2v_low_noise_14B_fp8_scaled.safetensors,1,UNETLoader,Wan 2.2 image to video,2572452,,https://civitai.com/api/download/models/2890303,https://civitai.com/models/2572452,jeff from t8首尾帧 Wan2.2版Infinite Talk图生视频数字人(1).json
unet,Z\z_image_turbo_bf16.safetensors,1,UNETLoader,Eldritch Ink Art for Z-Image,2597137,,https://civitai.com/api/download/models/2917439,https://civitai.com/models/2597137,Job 51295f1b-6f82-46b8-85bb-cbad83998e2d.json
unet,Z\z_image_bf16.safetensors,1,UNETLoader,Eldritch Ink Art for Z-Image,2597137,,https://civitai.com/api/download/models/2917439,https://civitai.com/models/2597137,Job 51295f1b-6f82-46b8-85bb-cbad83998e2d.json
unet,zimage\z_image_turbo_bf16.safetensors,1,UNETLoader,Eldritch Ink Art for Z-Image,2597137,,https://civitai.com/api/download/models/2917439,https://civitai.com/models/2597137,KOOK_Qwen_2512+Zimage_真实人像.json
unet,Qwen\qwen_image_2512_fp8_e4m3fn.safetensors,1,UNETLoader,"iGEN ONE (ZImage, Ernie, FLUX1/2, Qwen, HiDream, Nunchaku)",2572843,,https://civitai.com/api/download/models/2914452,https://civitai.com/models/2572843,KOOK_Qwen_2512+Zimage_真实人像.json
unet,ltx-2.3-22b-distilled_transformer_only_fp8_scaled.safetensors,1,UNETLoader,"LTX-2.3, simple workflow. T2V,  I2V, I2V external audio, FFLF",2593905,,https://civitai.com/api/download/models/2918575,https://civitai.com/models/2593905,LTX 2.3 文生视频 + 图生视频 二合一工作流V2 - By：肥猴.json
unet,ltx2.3\ltx-2.3-22b-dev_transformer_only_bf16.safetensors,1,UNETLoader,"LTX-2.3, simple workflow. T2V,  I2V, I2V external audio, FFLF",2593905,,https://civitai.com/api/download/models/2918575,https://civitai.com/models/2593905,LTX+2.3+文生视频+++图生视频+二合一工作流+-+By：肥猴+.json
unet,LTX\ltx-2-19b-distilled-fp8_transformer_only.safetensors,1,UNETLoader,"LTX-2.3, simple workflow. T2V,  I2V, I2V external audio, FFLF",2593905,,https://civitai.com/api/download/models/2918575,https://civitai.com/models/2593905,LTX2-文生视频.json
unet,ltx\ltx-2.3-22b-distilled_transformer_only_fp8_input_scaled_v2.safetensors,1,UNETLoader,"LTX-2.3, simple workflow. T2V,  I2V, I2V external audio, FFLF",2593905,,https://civitai.com/api/download/models/2918575,https://civitai.com/models/2593905,LTX2.3五图视频(1).json
unet,LXT-2\ltx-2.3-22b-distilled-1.1_transformer_only_mxfp8_block32.safetensors,1,UNETLoader,"LTX-2.3, simple workflow. T2V,  I2V, I2V external audio, FFLF",2593905,,https://civitai.com/api/download/models/2918575,https://civitai.com/models/2593905,prompt_relay_test-fix(1).json
unet,flux2\flux-2-klein-9b.safetensors,1,UNETLoader,Flux 1D INEZ Female Model Lora [Big Round Boobs],2598042,,https://civitai.com/api/download/models/2918422,https://civitai.com/models/2598042,q0403 (33)(1).json
unet,qwen_image_edit_fp8_e4m3fn.safetensors,1,UNETLoader,"iGEN ONE (ZImage, Ernie, FLUX1/2, Qwen, HiDream, Nunchaku)",2572843,,https://civitai.com/api/download/models/2914452,https://civitai.com/models/2572843,Qwen edit 人物姿势模仿(1).json
unet,qwen_image_layered_bf16.safetensors,1,UNETLoader,"iGEN ONE (ZImage, Ernie, FLUX1/2, Qwen, HiDream, Nunchaku)",2572843,,https://civitai.com/api/download/models/2914452,https://civitai.com/models/2572843,Qwen Layered.json
unet,qwen_image_fp8_e4m3fn.safetensors,1,UNETLoader,"iGEN ONE (ZImage, Ernie, FLUX1/2, Qwen, HiDream, Nunchaku)",2572843,,https://civitai.com/api/download/models/2914452,https://civitai.com/models/2572843,Qwen-Image多LoRA文生图+面部细化+洗图+高清放大工作流V2(1).json
unet,F.1_写实人像摄影（质感、氛围优化加强）__V1.0.safetensors,1,UNETLoader,F.W.ZHolic,2594808,,https://civitai.com/api/download/models/2914858,https://civitai.com/models/2594808,Qwen-Image多LoRA文生图+面部细化+洗图+高清放大工作流V2(1).json
unet,Qwen\Qwen-Image-Edit-2509-Q8_0.gguf,1,UnetLoaderGGUF,"iGEN ONE (ZImage, Ernie, FLUX1/2, Qwen, HiDream, Nunchaku)",2572843,,https://civitai.com/api/download/models/2914452,https://civitai.com/models/2572843,Qwen2509融图.json
unet,Qwen\qwen_image_edit_2509_fp8_e4m3fn.safetensors,1,UNETLoader,"iGEN ONE (ZImage, Ernie, FLUX1/2, Qwen, HiDream, Nunchaku)",2572843,,https://civitai.com/api/download/models/2914452,https://civitai.com/models/2572843,Qwen2509遮罩局部重绘-完毕.json
unet,Z-Image\zImageFp8_turbo.safetensors,1,UNETLoader,Pony Diffusion V6 XL,257749,,https://civitai.com/api/download/models/290640,https://civitai.com/models/257749,Qwen2511+ZIT_动漫反推转真人_v2.1.json
unet,wan2.2_t2v_high_noise_14B_fp16.safetensors,1,UNETLoader,Wan 2.2 image to video,2572452,,https://civitai.com/api/download/models/2890303,https://civitai.com/models/2572452,Qwen3-VL反推视频提示词(1).json
unet,wan2.2_t2v_low_noise_14B_fp16.safetensors,1,UNETLoader,Wan 2.2 image to video,2572452,,https://civitai.com/api/download/models/2890303,https://civitai.com/models/2572452,Qwen3-VL反推视频提示词(1).json
unet,qwen_image_fp8_e4m3fn_scaled.safetensors,1,UNETLoader,"iGEN ONE (ZImage, Ernie, FLUX1/2, Qwen, HiDream, Nunchaku)",2572843,,https://civitai.com/api/download/models/2914452,https://civitai.com/models/2572843,Qwen动漫转真人工作流(BETA).json
unet,14BFP8\Wan2_2-I2V-A14B-LOW_fp8_e4m3fn_scaled_KJ.safetensors,1,UNETLoader,Wan 2.2 image to video,2572452,,https://civitai.com/api/download/models/2890303,https://civitai.com/models/2572452,Wan2.2 Remix i2v 2.1 图生视频VBVR推理强化工作流-Qwen3 VQA版 (1).json
unet,wan2.2/Wan2_2-Animate-14B_fp8_e4m3fn_scaled_KJ.safetensors,1,UNETLoader,Wan 2.2 image to video,2572452,,https://civitai.com/api/download/models/2890303,https://civitai.com/models/2572452,Wan2.2-Animate-动作迁移-视频延长.json
unet,Wan2.2-I2V-A14B-HighNoise-Q4_K_S.gguf,1,UnetLoaderGGUF,Wan 2.2 image to video,2572452,,https://civitai.com/api/download/models/2890303,https://civitai.com/models/2572452,Wan2.2-I2V首尾帧视频拼接.json
unet,Wan2.2-I2V-A14B-LowNoise-Q4_K_S.gguf,1,UnetLoaderGGUF,Wan 2.2 image to video,2572452,,https://civitai.com/api/download/models/2890303,https://civitai.com/models/2572452,Wan2.2-I2V首尾帧视频拼接.json
unet,wan2_2\wan2.2_t2v_low_noise_14B_fp16.safetensors,1,UNETLoader,Wan 2.2 image to video,2572452,,https://civitai.com/api/download/models/2890303,https://civitai.com/models/2572452,Wan2.2-T2V-A14B-4steps Simple V2V Enhancer 20251004(1).json
unet,Wan2.2_Remix_NSFW_i2v_14b_low_lighting_fp8_e4m3fn_v3.0.safetensors,1,UNETLoader,Wan 2.2 image to video,2572452,,https://civitai.com/api/download/models/2890303,https://civitai.com/models/2572452,Wan2.2Dasiwa SVI 自动长视频 By 像素幻想Lab(1).json
unet,Wan2.2_Remix_NSFW_i2v_14b_high_lighting_fp8_e4m3fn_v3.0.safetensors,1,UNETLoader,Wan 2.2 image to video,2572452,,https://civitai.com/api/download/models/2890303,https://civitai.com/models/2572452,Wan2.2Dasiwa SVI 自动长视频 By 像素幻想Lab(1).json
unet,wan2.2_i2v_high_noise_14B_fp16.safetensors,1,UNETLoader,Wan 2.2 image to video,2572452,,https://civitai.com/api/download/models/2890303,https://civitai.com/models/2572452,wan2.2无限首尾帧.json
unet,wan2.2_i2v_low_noise_14B_fp16.safetensors,1,UNETLoader,Wan 2.2 image to video,2572452,,https://civitai.com/api/download/models/2890303,https://civitai.com/models/2572452,wan2.2无限首尾帧.json
unet,z_image\z_image_bf16.safetensors,1,UNETLoader,Eldritch Ink Art for Z-Image,2597137,,https://civitai.com/api/download/models/2917439,https://civitai.com/models/2597137,Z-B-T.json
unet,z_image\moodyPornMix_zitV10DPO.safetensors,1,UNETLoader,Pony Diffusion V6 XL,257749,,https://civitai.com/api/download/models/290640,https://civitai.com/models/257749,ZIB + ZIT涩涩双采+Klein高清.json
unet,z_image\moodyWildMix_v20BASE45STEPS.safetensors,1,UNETLoader,Pony Diffusion V6 XL,257749,,https://civitai.com/api/download/models/290640,https://civitai.com/models/257749,ZIB + ZIT涩涩双采+Klein高清.json
unet,Klein\Flux2-Klein-9B-True-v2-bf16.safetensors,1,UNETLoader,MS LuisRoyo Style Flux.2 klein,2588084,,https://civitai.com/api/download/models/2907393,https://civitai.com/models/2588084,ZIB + ZIT涩涩双采+Klein高清.json
unet,z_image_turbo\z_image_turbo-Q8_0.gguf,1,UnetLoaderGGUF,Eldritch Ink Art for Z-Image,2597137,,https://civitai.com/api/download/models/2917439,https://civitai.com/models/2597137,ZIT_Luneva_WF_v2.2_无限细节增强工作流.json
unet,moodyPornMix_v10DPO.safetensors,1,UNETLoader,Pony Diffusion V6 XL,257749,,https://civitai.com/api/download/models/290640,https://civitai.com/models/257749,Z双采+klein，V1雷公同款.json
unet,Z-Image-Base-fp16-NSFW.safetensors,1,UNETLoader,Eldritch Ink Art for Z-Image,2597137,,https://civitai.com/api/download/models/2917439,https://civitai.com/models/2597137,Z双采+klein，V1雷公同款.json
unet,flux-2-klein\flux-2-klein-9b-kv-fp8.safetensors,1,UNETLoader,Flux 1D INEZ Female Model Lora [Big Round Boobs],2598042,,https://civitai.com/api/download/models/2918422,https://civitai.com/models/2598042,▶F2K-高清重绘+高一致性编辑流+KV加速流(1).json
unet,wan22EnhancedNSFWCameraPrompt_nsfwV2Q8High.gguf,1,UnetLoaderGGUF,Pony Diffusion V6 XL,257749,,https://civitai.com/api/download/models/290640,https://civitai.com/models/257749,▶WAN2.2-I2V-Enhanced+MMAudio.json
unet,wan22EnhancedNSFWCameraPrompt_nsfwV2Q8Low.gguf,1,UnetLoaderGGUF,Pony Diffusion V6 XL,257749,,https://civitai.com/api/download/models/290640,https://civitai.com/models/257749,▶WAN2.2-I2V-Enhanced+MMAudio.json
unet,Wan\wan22EnhancedNSFWCameraPrompt_nsfwFASTMOVEV2FP8L.safetensors,1,UNETLoader,Pony Diffusion V6 XL,257749,,https://civitai.com/api/download/models/290640,https://civitai.com/models/257749,▶WAN2.2-I2V-Enhanced+MMAudio.json
unet,Wan\wan22EnhancedNSFWCameraPrompt_nsfwFASTMOVEV2FP8H.safetensors,1,UNETLoader,Pony Diffusion V6 XL,257749,,https://civitai.com/api/download/models/290640,https://civitai.com/models/257749,▶WAN2.2-I2V-Enhanced+MMAudio.json
unet,z_image\Z-image-ZiT-超越真实BEYOND REALITY-V30.safetensors,1,UNETLoader,Eldritch Ink Art for Z-Image,2597137,,https://civitai.com/api/download/models/2917439,https://civitai.com/models/2597137,▶Z-image超越真实多宫格高清生图流(1).json
unet,flux2\F2K-9B-True-v2-fp8mixed.safetensors,1,UNETLoader,🚀 F2K9B | Flux 2 [klein] 9B LoRA Tester (FP8 Edition),2458041,,https://civitai.com/api/download/models/2775614,https://civitai.com/models/2458041,▶▶Zimage双采+三采+双放大（带模型和lora下载链接）(1).json
unet,flux-2-klein\F2K-9b-darkBeastMar0326Latest_dbkleinv2BFS.safetensors,1,UNETLoader,🚀 F2K9B | Flux 2 [klein] 9B LoRA Tester (FP8 Edition),2458041,,https://civitai.com/api/download/models/2775614,https://civitai.com/models/2458041,▶更好的换脸流-Klein9b-BFS.json
unet,flux-2-klein\F2K-9b-darkBeast_dbkBlitzV15_fp8.safetensors,1,UNETLoader,🚀 F2K9B | Flux 2 [klein] 9B LoRA Tester (FP8 Edition),2458041,,https://civitai.com/api/download/models/2775614,https://civitai.com/models/2458041,★NSW修复流-V3(1).json
unet,flux1-kontext-dev.safetensors,1,UNETLoader,Oh My Goddess!-Urd-Flux1,2589860,,https://civitai.com/api/download/models/2909393,https://civitai.com/models/2589860,【AI小兵哥】Wan2_2_Animate_自动去Sora2视频水印工作流(1).json
unet,LTXvideo\LTX-2\quantstack\LTX-2.3-distilled-Q4_K_S.gguf,1,UnetLoaderGGUF,"LTX-2.3, simple workflow. T2V,  I2V, I2V external audio, FFLF",2593905,,https://civitai.com/api/download/models/2918575,https://civitai.com/models/2593905,【LTX-2.3】首尾帧.json
unet,zImageBase_base.safetensors,1,UNETLoader,zimage base british psychedelic,2499547,,https://civitai.com/api/download/models/2809752,https://civitai.com/models/2499547,【尺素】人物美学Z双采可视化sigam工作流(1).json
unet,BEYOND20SUPER20IMAGE20B7E586B5E6B9%20BF16.safetensors,1,UNETLoader,Pony Diffusion V6 XL,257749,,https://civitai.com/api/download/models/290640,https://civitai.com/models/257749,【尺素】人物美学Z双采可视化sigam工作流(1).json
unet,qwen_image_edit_2511_fp8.safetensors,1,UNETLoader,"iGEN ONE (ZImage, Ernie, FLUX1/2, Qwen, HiDream, Nunchaku)",2572843,,https://civitai.com/api/download/models/2914452,https://civitai.com/models/2572843,【楚心钟陌】Qwen2511娃娃流 法外狂徒整理后(1).json
unet,FLUX-2\flux-2-klein-9b.safetensors,1,UNETLoader,Flux 1D INEZ Female Model Lora [Big Round Boobs],2598042,,https://civitai.com/api/download/models/2918422,https://civitai.com/models/2598042,三采样-Aiden-zimageT+B+fluxklein采样.json
unet,视频\Wan2_2-Animate-14B_fp8_scaled_e4m3fn_KJ_v2.safetensors,1,UNETLoader,Wan 2.2 image to video,2572452,,https://civitai.com/api/download/models/2890303,https://civitai.com/models/2572452,动作迁移-视频延长(1).json
unet,Wan22Animate/Wan2_2-Animate-14B_fp8_scaled_e4m3fn_KJ_v2.safetensors,1,UNETLoader,Wan 2.2 image to video,2572452,,https://civitai.com/api/download/models/2890303,https://civitai.com/models/2572452,动作迁移.json
unet,qwen-image-edit-2511-Q8_0.gguf,1,UnetLoaderGGUF,"iGEN ONE (ZImage, Ernie, FLUX1/2, Qwen, HiDream, Nunchaku)",2572843,,https://civitai.com/api/download/models/2914452,https://civitai.com/models/2572843,动漫转真人1.json
unet,z_image_turbo_nvfp4.safetensors,1,UNETLoader,Eldritch Ink Art for Z-Image,2597137,,https://civitai.com/api/download/models/2917439,https://civitai.com/models/2597137,动漫转真人1.json
unet,Qwen\Qwen-image Edit Anything to Real动漫转真人.safetensors,1,UNETLoader,"iGEN ONE (ZImage, Ernie, FLUX1/2, Qwen, HiDream, Nunchaku)",2572843,,https://civitai.com/api/download/models/2914452,https://civitai.com/models/2572843,动漫转真人合集.json
unet,千问\qwen_image_edit_2511_fp8mixed.safetensors,1,UNETLoader,"iGEN ONE (ZImage, Ernie, FLUX1/2, Qwen, HiDream, Nunchaku)",2572843,,https://civitai.com/api/download/models/2914452,https://civitai.com/models/2572843,千问2511-文生图-图片编辑12.30(1).json
unet,Wan2.2-Animate-14B-fp8_v2.safetensors,1,UNETLoader,Wan 2.2 image to video,2572452,,https://civitai.com/api/download/models/2890303,https://civitai.com/models/2572452,去除替换动作模仿全功能.json
unet,Flux2\flux-2-klein-9b.safetensors,1,UNETLoader,Flux 1D INEZ Female Model Lora [Big Round Boobs],2598042,,https://civitai.com/api/download/models/2918422,https://civitai.com/models/2598042,取白底图(1).json
unet,wan2.1_i2v_720p_14B_fp16.safetensors,1,UNETLoader,Wan 2.2 image to video,2572452,,https://civitai.com/api/download/models/2890303,https://civitai.com/models/2572452,多参跨模态音画同步脸部参考图生视频V1（全自动版）.json
unet,smoothmixT2VHigh.safetensors,1,UNETLoader,Pony Diffusion V6 XL,257749,,https://civitai.com/api/download/models/290640,https://civitai.com/models/257749,大合集-图生视频-音频.json
unet,Wan2.2-T2V-A14B-LowNoise-Q5_0.gguf,1,UnetLoaderGGUF,Wan 2.2 image to video,2572452,,https://civitai.com/api/download/models/2890303,https://civitai.com/models/2572452,大合集-图生视频-音频.json
unet,wan\Wan2.2_Remix_i2v_14b_high_lighting_v2.0.safetensors,1,UNETLoader,Wan 2.2 image to video,2572452,,https://civitai.com/api/download/models/2890303,https://civitai.com/models/2572452,大合集-图生视频-音频.json
unet,wan\Wan2.2_Remix_i2v_14b_low_lighting_v2.0.safetensors,1,UNETLoader,Wan 2.2 image to video,2572452,,https://civitai.com/api/download/models/2890303,https://civitai.com/models/2572452,大合集-图生视频-音频.json
unet,Flux2-Klein-9B-True-bf16.safetensors,1,UNETLoader,MS LuisRoyo Style Flux.2 klein,2588084,,https://civitai.com/api/download/models/2907393,https://civitai.com/models/2588084,换装测试(1).json
unet,flux1-fill-dev.safetensors,1,UNETLoader,Oh My Goddess!-Urd-Flux1,2589860,,https://civitai.com/api/download/models/2909393,https://civitai.com/models/2589860,新神器_ICEdit：本地P图(1).json
unet,flux1-dev-fp8-774199fce69c.safetensors,1,UNETLoader,Oh My Goddess!-Urd-Flux1,2589860,,https://civitai.com/api/download/models/2909393,https://civitai.com/models/2589860,新神器_ICEdit：本地P图(1).json
unet,Wan2.2-T2V-A14B-LowNoise-Q8_0.gguf,1,UnetLoaderGGUF,Wan 2.2 image to video,2572452,,https://civitai.com/api/download/models/2890303,https://civitai.com/models/2572452,最燃Wan2.2一镜到底！三级采样无限可控循环！超长无衰减完整版.json
unet,Wan2.2-T2V-A14B-HighNoise-Q8_0.gguf,1,UnetLoaderGGUF,Wan 2.2 image to video,2572452,,https://civitai.com/api/download/models/2890303,https://civitai.com/models/2572452,最燃Wan2.2一镜到底！三级采样无限可控循环！超长无衰减完整版.json
unet,Wan2_2-I2V-A14B-LOW_fp8_e4m3fn_scaled_KJ.safetensors,1,UNETLoader,Wan 2.2 image to video,2572452,,https://civitai.com/api/download/models/2890303,https://civitai.com/models/2572452,最燃Wan2.2一镜到底！三级采样无限可控循环！超长无衰减完整版.json
unet,Wan2_2-I2V-A14B-HIGH_fp8_e4m3fn_scaled_KJ.safetensors,1,UNETLoader,Wan 2.2 image to video,2572452,,https://civitai.com/api/download/models/2890303,https://civitai.com/models/2572452,最燃Wan2.2一镜到底！三级采样无限可控循环！超长无衰减完整版.json
unet,BEYOND REALITY SUPER Z IMAGE 3.0 淡妆浓抹 BF16.safetensors,1,UNETLoader,Tamara Caulder (Batman Beyond),2591671,,https://civitai.com/api/download/models/2911392,https://civitai.com/models/2591671,神棍双采流带FDPO的LORA.json
unet,flux-2-klein-base-9b.safetensors,1,UNETLoader,Flux 1D INEZ Female Model Lora [Big Round Boobs],2598042,,https://civitai.com/api/download/models/2918422,https://civitai.com/models/2598042,空白工作流 (1) (1) (1).json
unet,Z-Image-Turbo_fp16.safetensors,1,UNETLoader,Eldritch Ink Art for Z-Image,2597137,,https://civitai.com/api/download/models/2917439,https://civitai.com/models/2597137,空白工作流 (1) (1) (1).json
unet,wan22\ltx-2.3-22b-distilled_transformer_only_fp8_input_scaled.safetensors,1,UNETLoader,"LTX-2.3, simple workflow. T2V,  I2V, I2V external audio, FFLF",2593905,,https://civitai.com/api/download/models/2918575,https://civitai.com/models/2593905,视频去皮_8080(1).json
unet,LTXVideo/v2/ltx-2.3-22b-distilled_transformer_only_fp8_scaled.safetensors,1,UNETLoader,"LTX-2.3, simple workflow. T2V,  I2V, I2V external audio, FFLF",2593905,,https://civitai.com/api/download/models/2918575,https://civitai.com/models/2593905,谷歌2_wan2.2改LTX2.3首尾帧.json
unet,Flux\flux-2-klein-9b.safetensors,1,UNETLoader,Flux 1D INEZ Female Model Lora [Big Round Boobs],2598042,,https://civitai.com/api/download/models/2918422,https://civitai.com/models/2598042,雷二白klein-风格对比.json
unet,F.1 Kontext dev_fp8.safetensors,1,UNETLoader,F.W.ZHolic,2594808,,https://civitai.com/api/download/models/2914858,https://civitai.com/models/2594808,高清脱_V2.json
unet,LTX-2-dev-Q4_K_M.gguf,1,UnetLoaderGGUF,"LTX-2.3, simple workflow. T2V,  I2V, I2V external audio, FFLF",2593905,,https://civitai.com/api/download/models/2918575,https://civitai.com/models/2593905,高质量LTX-2.3图生视频MV制作工作流_大尸兄(1).json
upscale_model,ltx-2.3-spatial-upscaler-x2-1.0.safetensors,32,LatentUpscaleModelLoader,"LTX-2.3, simple workflow. T2V,  I2V, I2V external audio, FFLF",2593905,,https://civitai.com/api/download/models/2918575,https://civitai.com/models/2593905,1(1).json; 10Eros_i2v(1).json; LTX 2.3 数字人对口型工作流V3 - By：肥猴(1).json
upscale_model,4x-UltraSharp.pth,14,UpscaleModelLoader,4x_NMKD-Siax_200k,1813922,,https://civitai.com/api/download/models/2052724,https://civitai.com/models/1813922,q0403 (33)(1).json; Ultimate Creative Workflow(2).json; ▶Z-image超越真实多宫格高清生图流(1).json
upscale_model,ltx-2-spatial-upscaler-x2-1.0.safetensors,11,LatentUpscaleModelLoader,"LTX-2.3, simple workflow. T2V,  I2V, I2V external audio, FFLF",2593905,,https://civitai.com/api/download/models/2918575,https://civitai.com/models/2593905,LTX-2 - T2V Basic.json; ltx-video-and-audio-extend.json; LTX2-I2V(1).json
upscale_model,ltx-2.3-spatial-upscaler-x2-1.1.safetensors,10,LatentUpscaleModelLoader,"LTX-2.3, simple workflow. T2V,  I2V, I2V external audio, FFLF",2593905,,https://civitai.com/api/download/models/2918575,https://civitai.com/models/2593905,10Eros_10SNodes_TripleSample_Custom-Audio-Music-Video(1).json; 10Eros_10SNodes_TripleSample_I2V(1).json; 10Eros_10SNodes_TripleSample_I2V(2).json
upscale_model,4x_foolhardy_Remacri.safetensors,4,UpscaleModelLoader,4x_NMKD-Siax_200k,1813922,,https://civitai.com/api/download/models/2052724,https://civitai.com/models/1813922,amazing-z-image-a_SAFETENSORS.json; amazing-z-image-a_SAFETENSORS.json; amazing-z-image-b_SAFETENSORS(1).json
upscale_model,4x-ClearRealityV1_Soft.pth,3,UpscaleModelLoader,4x_NMKD-Siax_200k,1813922,,https://civitai.com/api/download/models/2052724,https://civitai.com/models/1813922,10Eros_i2v(1).json; QWEN2509极限姿态参考技巧(1).json; Work-Fisher_SeedVR2-V2.json
upscale_model,RealESRGAN_x4plus_anime_6B.pth,3,UpscaleModelLoader,RealESRGAN_x4Plus Anime 6B,147821,,https://civitai.com/api/download/models/164904,https://civitai.com/models/147821,SimpleFlow v1.03(1).json; SimpleFlow v1.03(1).json; 群友的流.json
upscale_model,4x-ClearRealityV1.pth,3,UpscaleModelLoader,4x_NMKD-Siax_200k,1813922,,https://civitai.com/api/download/models/2052724,https://civitai.com/models/1813922,Z-Image：亿级像素文生图，细节纤毫毕现，定义超高清影像新标准！高清放大(1).json; ▶Zimage-4K洗图+CN2.1控制.json; 骨骼姿态控制 人物一致性 一张图生成多姿势 写真图片 9月最新升级(1).json
upscale_model,放大\4x_Nickelback_70000G.safetensors,2,UpscaleModelLoader,4x_NMKD-Siax_200k,1813922,,https://civitai.com/api/download/models/2052724,https://civitai.com/models/1813922,实验1.json; 实验1.json
upscale_model,4xNomos8kSCHAT-L.pth,1,UpscaleModelLoader,Pony Diffusion V6 XL,257749,,https://civitai.com/api/download/models/290640,https://civitai.com/models/257749,1 Wan2.2质量文生图+TTP高阶放大（全网ID ：楚门的AI世界）(1).json
upscale_model,latent_upscale_models\ltx-2-spatial-upscaler-x2-1.0.safetensors,1,LatentUpscaleModelLoader,"LTX-2.3, simple workflow. T2V,  I2V, I2V external audio, FFLF",2593905,,https://civitai.com/api/download/models/2918575,https://civitai.com/models/2593905,LTX-2+文生视频低显存版(1).json
upscale_model,ESRGAN_4x.pth,1,UpscaleModelLoader,⚡ Ultra Pro Face Swap 4K Pipeline — Dual Restoration + ESRGAN | ComfyUI,2448602,,https://civitai.com/api/download/models/2753254,https://civitai.com/models/2448602,WAI-NSFW-illustriousV16.json
upscale_model,2xNomosUni_span_multijpg_ldl.safetensors,1,UpscaleModelLoader,Pony Diffusion V6 XL,257749,,https://civitai.com/api/download/models/290640,https://civitai.com/models/257749,Z+Controlnet.json
upscale_model,1x-ITF-SkinDiffDetail-Lite-v1.pth,1,UpscaleModelLoader,Pinup512 and Centerfold512 - Easy pin-up poster and magazine model stylings for all Model 1.X versions and merges!,7263,,https://civitai.com/api/download/models/8538,https://civitai.com/models/7263,Z-image文生图极限高清修复 .json
upscale_model,2xLexicaRRDBNet.pth,1,UpscaleModelLoader,Pony Diffusion V6 XL,257749,,https://civitai.com/api/download/models/290640,https://civitai.com/models/257749,▶WAN2.2-I2V-Enhanced+MMAudio.json
upscale_model,latent_upscale_models\ltx-2.3-spatial-upscaler-x2-1.0.safetensors,1,LatentUpscaleModelLoader,"LTX-2.3, simple workflow. T2V,  I2V, I2V external audio, FFLF",2593905,,https://civitai.com/api/download/models/2918575,https://civitai.com/models/2593905,【LTX-2.3】首尾帧.json
upscale_model,4xFaceUpSharpLDAT.pth,1,UpscaleModelLoader,Pony Diffusion V6 XL,257749,,https://civitai.com/api/download/models/290640,https://civitai.com/models/257749,【尺素】人物美学Z三采可视化sigam工作流 (1).json
upscale_model,SwinIR_4x.pth,1,UpscaleModelLoader,PonIR- SwinIR finetuned on pony AI images,642764,,https://civitai.com/api/download/models/718966,https://civitai.com/models/642764,【尺素】人物美学Z双采可视化sigam工作流(1).json
upscale_model,latent_upscale_model_ltxv.safetensors,1,LatentUpscaleModelLoader,Wan 2.2 i2v Comfyui Workflow :: SVI FFLF with Latent Saving and Loading,2534583,,https://civitai.com/api/download/models/2896956,https://civitai.com/models/2534583,谷歌2_wan2.2改LTX2.3首尾帧.json
upscale_model,4x_NMKD-Siax_200k.pth,1,UpscaleModelLoader,4x_NMKD-Siax_200k,1813922,,https://civitai.com/api/download/models/2052724,https://civitai.com/models/1813922,高清脱_V2.json
vae,qwen_image_vae.safetensors,71,VAELoader,"iGEN ONE (ZImage, Ernie, FLUX1/2, Qwen, HiDream, Nunchaku)",2572843,,https://civitai.com/api/download/models/2914452,https://civitai.com/models/2572843,(M-V1)任意图像转换成真实风格图像 .json; 2511+镜头选择-单个(1).json; 2511-姿势迁移（自用）(1).json
vae,flux2-vae.safetensors,54,VAELoader,MS LuisRoyo Style Flux.2 klein,2588084,,https://civitai.com/api/download/models/2907393,https://civitai.com/models/2588084,+人物一键三视图+Flux2+Klein（6G显存即可使用）(1).json; 0-【本地解码】flux2+klein+“指定位置”+皮肤完美克隆.json; base+klein+seed（抽卡）.json
vae,LTX23_audio_vae_bf16.safetensors,48,LTXVAudioVAELoader; VAELoaderKJ; VAELoader,LTX2.3 All in one - ID LoRA + ControlNet + Detailer + Upscaler + Custom Audio + Keyframes,2553704,,https://civitai.com/api/download/models/2869945,https://civitai.com/models/2553704,1(1).json; 10Eros_10SNodes_TripleSample_I2V(2).json; 10Eros_i2v(1).json
vae,LTX23_video_vae_bf16.safetensors,41,VAELoaderKJ; VAELoader,LTX2.3 All in one - ID LoRA + ControlNet + Detailer + Upscaler + Custom Audio + Keyframes,2553704,,https://civitai.com/api/download/models/2869945,https://civitai.com/models/2553704,1(1).json; 10Eros_10SNodes_TripleSample_I2V(2).json; 10Eros_i2v(1).json
vae,wan_2.1_vae.safetensors,40,WanVideoVAELoader; VAELoader,Wan Vace 2.1 Flow Archive,2570937,,https://civitai.com/api/download/models/2917676,https://civitai.com/models/2570937,1 (1)(1).json; 1 Wan2.2质量文生图+TTP高阶放大（全网ID ：楚门的AI世界）(1).json; 10.Scail单_双人动作迁移自由切换版(1).json
vae,ae.safetensors,40,VAELoader,Kojika Kumari - Mahou Tsukai no Yoru,2599176,,https://civitai.com/api/download/models/2919694,https://civitai.com/models/2599176,1-Aiden-Zimage增强细节-高清放大lora工作流 (1)(1).json; AI代码侠土豆 瑶光电商图专用_换产品_衣服(1).json; amazing-z-image-a_SAFETENSORS.json
vae,Wan2_1_VAE_bf16.safetensors,36,WanVideoVAELoader; VAELoader,Wan 2.2 image to video,2572452,,https://civitai.com/api/download/models/2890303,https://civitai.com/models/2572452,1 (1)(1)_20260406_094458.json; 1超级王炸 【分段队列】【 自动拼接长视频】【人物丝滑换装】By_肥猴(1).json; 2026-01-07 单人+多人动作迁移+自动对齐3D骨骼+镜头控制+人物360旋转.json
vae,taeltx2_3.safetensors,29,VAELoaderKJ; VAELoader,Pony Diffusion V6 XL,257749,,https://civitai.com/api/download/models/290640,https://civitai.com/models/257749,LTX-2.3-图-文-生视频(1).json; LTX-2.3三图首尾.json; LTX-2.3四宫格.json
vae,Wan\wan_2.1_vae.safetensors,15,WanVideoVAELoader; VAELoader,Wan Vace 2.1 Flow Archive,2570937,,https://civitai.com/api/download/models/2917676,https://civitai.com/models/2570937,AI代码侠土豆-I2V数字人合集(1).json; Jwx-DasiwaV9单图漫剧视频生成(1).json; Jwx-DasiwaV9双图首尾帧图生视频(1).json
vae,ace_1.5_vae.safetensors,10,VAELoader,Miles Edgeworth's Open Hands Pose - Ace Attorney,2549196,,https://civitai.com/api/download/models/2864763,https://civitai.com/models/2549196,ACE-Step1.5XL_双采推荐_三采实验_工作流.json; ACE-Step1.5XL_双采推荐_三采实验_工作流.json; ACE-Step1.5XL_双采推荐_三采实验_工作流.json
vae,z_image_turbo-vae.safetensors,9,VAELoader,Eldritch Ink Art for Z-Image,2597137,,https://civitai.com/api/download/models/2917439,https://civitai.com/models/2597137,Flux2-Klein高清放大到8K-更强-嘟嘟.json; KOOK_Qwen_2512+Zimage_真实人像 (1).json; KOOK_Qwen_2512+Zimage_真实人像(2).json
vae,LTX2_audio_vae_bf16.safetensors,9,VAELoaderKJ,"LTX-2.3, simple workflow. T2V,  I2V, I2V external audio, FFLF",2593905,,https://civitai.com/api/download/models/2918575,https://civitai.com/models/2593905,LTX-2 - T2V Basic.json; LTX2-I2V(1).json; LTX2-IS2V(1).json
vae,ae.sft,8,VAELoader,Kojika Kumari - Mahou Tsukai no Yoru,2599176,,https://civitai.com/api/download/models/2919694,https://civitai.com/models/2599176,07_修手(1).json; DBZ_00100_(1).json; llama-z反推(1).json
vae,z-image vae.safetensors,8,VAELoader,Eldritch Ink Art for Z-Image,2597137,,https://civitai.com/api/download/models/2917439,https://civitai.com/models/2597137,For循环Zimage文图+seedvr2(1).json; For循环Zimage文图+seedvr2(1).json; For循环Zimage文图+seedvr2(1)_20260317_114852.json
vae,ltx-2.3-22b-dev.safetensors,8,LTXVAudioVAELoader,"LTX-2.3, simple workflow. T2V,  I2V, I2V external audio, FFLF",2593905,,https://civitai.com/api/download/models/2918575,https://civitai.com/models/2593905,LTX+2.3+多帧生视频+电影级效果（支持音频传入）.json; LTX2.3局部重绘.json; ltx2.3数字人.json
vae,LTX2_video_vae_bf16.safetensors,8,VAELoader,"LTX-2.3, simple workflow. T2V,  I2V, I2V external audio, FFLF",2593905,,https://civitai.com/api/download/models/2918575,https://civitai.com/models/2593905,LTX-2 - T2V Basic.json; LTX2-I2V(1).json; LTX2-IS2V(1).json
vae,ltx-2.3-22b-dev-fp8.safetensors,6,LTXVAudioVAELoader,"LTX-2.3, simple workflow. T2V,  I2V, I2V external audio, FFLF",2593905,,https://civitai.com/api/download/models/2918575,https://civitai.com/models/2593905,LTX 2.3图生视频_文生视频工作流.json; LTX-2.3配音术升级版：输入台词就能生成短剧！FishAudio+S2+++LTX-2.3实战.json; ltx单采(1).json
vae,Wan\Wan2_1_VAE_bf16.safetensors,5,WanVideoVAELoader; VAELoaderKJ,Wan 2.2 image to video,2572452,,https://civitai.com/api/download/models/2890303,https://civitai.com/models/2572452,11111(1).json; scail+增加晃动lora+跳舞更诱人+自带提示词.json; Scail单_双人动作迁移自由切换高配.json
vae,Qwen\qwen_image_vae.safetensors,5,VAELoader,"iGEN ONE (ZImage, Ernie, FLUX1/2, Qwen, HiDream, Nunchaku)",2572843,,https://civitai.com/api/download/models/2914452,https://civitai.com/models/2572843,2511-合集版12.27(1).json; Qwen2509遮罩局部重绘-完毕.json; Qwen2511单图编辑不偏移-多图编辑-遮罩重绘-节点后置(1).json
vae,QWEN\qwen_image_vae.safetensors,4,VAELoader,"iGEN ONE (ZImage, Ernie, FLUX1/2, Qwen, HiDream, Nunchaku)",2572843,,https://civitai.com/api/download/models/2914452,https://civitai.com/models/2572843,08.FireRed-Image-Edit合集(1).json; Qwen2511三图编辑二次采样+SeedVR2高清.json; ▶Klein单图编辑-服装提取.json
vae,wan2.1\wan_2.1_vae.safetensors,4,VAELoader,Wan Vace 2.1 Flow Archive,2570937,,https://civitai.com/api/download/models/2917676,https://civitai.com/models/2570937,1.Wan_2.2REMIX V2 NSFW 图生视频.json; 2.Wan2.2_REMIX V2 NSFW 首尾帧视频.json; 3.Wan2.2_REMIX V2 首-中-尾三帧视频.json
vae,ltx-2-19b-dev-fp8.safetensors,4,LTXVAudioVAELoader,"LTX-2.3, simple workflow. T2V,  I2V, I2V external audio, FFLF",2593905,,https://civitai.com/api/download/models/2918575,https://civitai.com/models/2593905,LTX-2+文生视频低显存版(1).json; ltx-video-and-audio-extend.json; LTX2.0文生视频.json
vae,FLUX1\ae.safetensors,3,VAELoader,Kojika Kumari - Mahou Tsukai no Yoru,2599176,,https://civitai.com/api/download/models/2919694,https://civitai.com/models/2599176,DyPE-Flux-Nunchaku-workflow.json; DyPE-Flux-workflow.json; DyPE-ZIT-workflow.json
vae,Wan2_1_VAE_fp32.safetensors,3,WanVideoVAELoader,Wan 2.2 image to video,2572452,,https://civitai.com/api/download/models/2890303,https://civitai.com/models/2572452,DZQY+__260324_113311_00001-audio(1).json; Wan2.2+Animate动作迁移V7（自动尺寸）(1).json; 【AI小兵哥】Wan2_2_Animate_自动去Sora2视频水印工作流(1).json
vae,z_image_vae.safetensors,3,VAELoader,Eldritch Ink Art for Z-Image,2597137,,https://civitai.com/api/download/models/2917439,https://civitai.com/models/2597137,kook-zimage-真实幻想-人物LORA生效工作流.json; KOOK_Qwen_2512+Zimage_真实人像.json; ZIT_Luneva_WF_v2.2_无限细节增强工作流.json
vae,z\ae.safetensors,3,VAELoader,Kojika Kumari - Mahou Tsukai no Yoru,2599176,,https://civitai.com/api/download/models/2919694,https://civitai.com/models/2599176,wdddd(1).json; wdddd(1).json; wdddd(2).json
vae,z\z_image_vae.safetensors,3,VAELoader,Eldritch Ink Art for Z-Image,2597137,,https://civitai.com/api/download/models/2917439,https://civitai.com/models/2597137,wdddd(2).json; 实验1.json; 实验1.json
vae,zImageTurboVAE_v10.safetensors,3,VAELoader,Pony Diffusion V6 XL,257749,,https://civitai.com/api/download/models/290640,https://civitai.com/models/257749,【尺素】人物美学Z三采可视化sigam工作流 (1).json; 【尺素】人物美学Z双采可视化sigam工作流(1).json; 【尺素】人物美学Z双采可视化sigam工作流(1).json
vae,UltraFlux-v1_model.safetensors,3,VAELoader,UltraFlux VAE | improved quality for flux and zimage,2231253,,https://civitai.com/api/download/models/2511862,https://civitai.com/models/2231253,【楚心钟陌】Qwen2511娃娃流 法外狂徒整理后(1).json; 【楚心钟陌】全新参数！Qwen2511lora串串+Zi二次元转真人+高清放大洗图 (1).json; 动漫转真人1.json
vae,10Eros_v1-fp8mixed_learned.safetensors,2,LTXVAudioVAELoader,Pony Diffusion V6 XL,257749,,https://civitai.com/api/download/models/290640,https://civitai.com/models/257749,10Eros_10SNodes_TripleSample_Custom-Audio-Music-Video(1).json; 10Eros_10SNodes_TripleSample_I2V(1).json
vae,ltx-2.3-22b-distilled-fp8.safetensors,2,LTXVAudioVAELoader,"LTX-2.3, simple workflow. T2V,  I2V, I2V external audio, FFLF",2593905,,https://civitai.com/api/download/models/2918575,https://civitai.com/models/2593905,LTX-2.3-图-文-生视频(1).json; 首尾 OLLAMA 工作流 完美版.json
vae,sulphur_dev_fp8mixed.safetensors,2,LTXVAudioVAELoader,[Illustrious]マジアサルファ(天川薫子)[tenkawa kaoruko(magia sulphur)]-魔法少女にあこがれて(mahou shoujo ni akogarete),1039577,,https://civitai.com/api/download/models/1166216,https://civitai.com/models/1039577,ltx23_i2v_sulphur2.json; 【LTX2.3】i2v_sulphur(1).json
vae,ltx2\LTX23_video_vae_bf16.safetensors,2,VAELoader,LTX2.3 All in one - ID LoRA + ControlNet + Detailer + Upscaler + Custom Audio + Keyframes,2553704,,https://civitai.com/api/download/models/2869945,https://civitai.com/models/2553704,ltx2_3_i2v(1).json; ltx2_3_i2v.json
vae,wan_2.1_vae_Comfy-Org.safetensors,2,VAELoader,Wan Vace 2.1 Flow Archive,2570937,,https://civitai.com/api/download/models/2917676,https://civitai.com/models/2570937,Qwen-Image多LoRA文生图+面部细化+洗图+高清放大工作流V2(1).json; SVI+2.0+Pro+for+Wan+2.2长视频一镜到底！(1).json
vae,ltx-2.3-20b-dev.safetensors,2,LTXVAudioVAELoader,"LTX-2.3, simple workflow. T2V,  I2V, I2V external audio, FFLF",2593905,,https://civitai.com/api/download/models/2918575,https://civitai.com/models/2593905,video_ltx2_3_i2v.json; video_ltx2_3_t2v.json
vae,wan_2.1_vae_fp32.safetensors,2,WanVideoVAELoader,Wan Vace 2.1 Flow Archive,2570937,,https://civitai.com/api/download/models/2917676,https://civitai.com/models/2570937,Wan_Animate视频换人&姿势迁移没骨骼(1).json; Wan_Animate视频换人&姿势迁移骨骼(1).json
vae,Wan2.1\Wan2.1_VAE_bf16.safetensors,2,WanVideoVAELoader,Wan 2.2 image to video,2572452,,https://civitai.com/api/download/models/2890303,https://civitai.com/models/2572452,WF-uni3c参考视频运镜-图生视频Rev.json; WF-Wan2.1&2.2-uni3c参考视频运镜-图生视频Rev(1).json
vae,UltraFlux-vae_v1.safetensors,2,VAELoader,UltraFlux VAE | improved quality for flux and zimage,2231253,,https://civitai.com/api/download/models/2511862,https://civitai.com/models/2231253,▶Zimage-4K洗图+CN2.1控制.json; 【尺素】人物美学Z三采可视化sigam工作流 (1).json
vae,FLUX\ae.safetensors,2,VAELoader,Kojika Kumari - Mahou Tsukai no Yoru,2599176,,https://civitai.com/api/download/models/2919694,https://civitai.com/models/2599176,三采样-Aiden-zimageT+B+fluxklein采样.json; 三采样-Aiden-zimageT+B+fluxklein采样.json
vae,ultrafluxVAEImproved_v10.safetensors,2,VAELoader,Pony Diffusion V6 XL,257749,,https://civitai.com/api/download/models/290640,https://civitai.com/models/257749,三采样转真人(1).json; 三采样转真人1.json
vae,Flux_ae.sft,2,VAELoader,Flux 1D INEZ Female Model Lora [Big Round Boobs],2598042,,https://civitai.com/api/download/models/2918422,https://civitai.com/models/2598042,新神器_ICEdit：本地P图(1).json; 新神器_ICEdit：本地P图(1).json
vae,10Eros_v1_bf16.safetensors,1,LTXVAudioVAELoader,Pony Diffusion V6 XL,257749,,https://civitai.com/api/download/models/290640,https://civitai.com/models/257749,10Eros_10SNodes_TripleSample_I2V(2).json
vae,10Eros_LTX2.3_fp8.safetensors,1,LTXVAudioVAELoader,Pony Diffusion V6 XL,257749,,https://civitai.com/api/download/models/290640,https://civitai.com/models/257749,10Eros_i2v(1).json
vae,diffusion_pytorch_model.safetensors,1,VAELoader_Any,V67 Photographic Filters,2551837,,https://civitai.com/api/download/models/2867790,https://civitai.com/models/2551837,AI代码侠土豆-I2V数字人合集(1).json
vae,Wan2.1\Wan2_1_VAE_fp32.safetensors,1,WanVideoVAELoader,Wan 2.2 image to video,2572452,,https://civitai.com/api/download/models/2890303,https://civitai.com/models/2572452,Animate-Z视频人物替换（SD映射版（谢谢wuwukaka）.json
vae,wan2.2-vae.safetensors,1,VAELoader,Wan 2.2 image to video,2572452,,https://civitai.com/api/download/models/2890303,https://civitai.com/models/2572452,code_20260331(1).json
vae,flux2_vae.safetensors,1,VAELoader,MS LuisRoyo Style Flux.2 klein,2588084,,https://civitai.com/api/download/models/2907393,https://civitai.com/models/2588084,flux2-图像参考.json
vae,flux-vae.safetensors,1,VAELoader,Flux 1D INEZ Female Model Lora [Big Round Boobs],2598042,,https://civitai.com/api/download/models/2918422,https://civitai.com/models/2598042,gonzaLomo_Z-Image_Refiner_v11.json
vae,sdxl_vae.safetensors,1,VAELoader,SuperFuta MaxBase — SDXL Realistic / Stylized Merge Experiment,2598728,,https://civitai.com/api/download/models/2919191,https://civitai.com/models/2598728,illustrious V1.json
vae,UltraFluxVae-v1.safetensors,1,VAELoader,UltraFlux VAE (Mirrored from Hugging Face Repo),2245573,,https://civitai.com/api/download/models/2527939,https://civitai.com/models/2245573,Job 51295f1b-6f82-46b8-85bb-cbad83998e2d.json
vae,ltx2.3\ltx-2.3-22b-dev.safetensors,1,LTXVAudioVAELoader,"LTX-2.3, simple workflow. T2V,  I2V, I2V external audio, FFLF",2593905,,https://civitai.com/api/download/models/2918575,https://civitai.com/models/2593905,LTX2.3-多帧视频(1).json
vae,ltx-2.3-22b-distilled_video_vae.safetensors,1,VAELoader,"LTX-2.3, simple workflow. T2V,  I2V, I2V external audio, FFLF",2593905,,https://civitai.com/api/download/models/2918575,https://civitai.com/models/2593905,ltx2.3测试工作流.json
vae,ltx-2.3-22b-distilled_audio_vae.safetensors,1,LTXVAudioVAELoader,"LTX-2.3, simple workflow. T2V,  I2V, I2V external audio, FFLF",2593905,,https://civitai.com/api/download/models/2918575,https://civitai.com/models/2593905,ltx2.3测试工作流.json
vae,ltx2.3\ltx-2.3-22b-dev-fp8.safetensors,1,LTXVAudioVAELoader,"LTX-2.3, simple workflow. T2V,  I2V, I2V external audio, FFLF",2593905,,https://civitai.com/api/download/models/2918575,https://civitai.com/models/2593905,ltx2.3配音效.json
vae,LTX2.3\ltx-2.3-22b-dev.safetensors,1,LTXVAudioVAELoader,"LTX-2.3, simple workflow. T2V,  I2V, I2V external audio, FFLF",2593905,,https://civitai.com/api/download/models/2918575,https://civitai.com/models/2593905,LTX_2.3_i2v_图生视频.json
vae,flux\LTX2_video_vae_bf16.safetensors,1,VAELoaderKJ,"LTX-2.3, simple workflow. T2V,  I2V, I2V external audio, FFLF",2593905,,https://civitai.com/api/download/models/2918575,https://civitai.com/models/2593905,LTX女神流自动MV（24G）.json
vae,flux\LTX2_audio_vae_bf16 (1).safetensors,1,VAELoaderKJ,"LTX-2.3, simple workflow. T2V,  I2V, I2V external audio, FFLF",2593905,,https://civitai.com/api/download/models/2918575,https://civitai.com/models/2593905,LTX女神流自动MV（24G）.json
vae,flux\ae.safetensors,1,VAELoader,Kojika Kumari - Mahou Tsukai no Yoru,2599176,,https://civitai.com/api/download/models/2919694,https://civitai.com/models/2599176,nunchaku-flux.1-kontext-dev.json
vae,Z-image_ae.safetensors,1,VAELoader,Eldritch Ink Art for Z-Image,2597137,,https://civitai.com/api/download/models/2917439,https://civitai.com/models/2597137,q0403 (33)(1).json
vae,qwen_image_vae@comfy.safetensors,1,VAELoader,"iGEN ONE (ZImage, Ernie, FLUX1/2, Qwen, HiDream, Nunchaku)",2572843,,https://civitai.com/api/download/models/2914452,https://civitai.com/models/2572843,QuantFunc-Text-to-Image-Workflow 新旧对比(1).json
vae,qwen_image_layered_vae.safetensors,1,VAELoader,"iGEN ONE (ZImage, Ernie, FLUX1/2, Qwen, HiDream, Nunchaku)",2572843,,https://civitai.com/api/download/models/2914452,https://civitai.com/models/2572843,Qwen Layered.json
vae,Q-wen\qwen_image_vae.safetensors,1,VAELoader,"iGEN ONE (ZImage, Ernie, FLUX1/2, Qwen, HiDream, Nunchaku)",2572843,,https://civitai.com/api/download/models/2914452,https://civitai.com/models/2572843,Qwen2509融图.json
vae,千问\qwen_image_vae.safetensors,1,VAELoader,"iGEN ONE (ZImage, Ernie, FLUX1/2, Qwen, HiDream, Nunchaku)",2572843,,https://civitai.com/api/download/models/2914452,https://civitai.com/models/2572843,qwen_image_edit.json
vae,wan2.1\Wan2_1_VAE_bf16.safetensors,1,WanVideoVAELoader,Wan 2.2 image to video,2572452,,https://civitai.com/api/download/models/2890303,https://civitai.com/models/2572452,SCAIL(1).json
vae,Wan\Wan2_1_VAE_bf16_KJ.safetensors,1,WanVideoVAELoader,Wan 2.2 image to video,2572452,,https://civitai.com/api/download/models/2890303,https://civitai.com/models/2572452,SCAIL多人姿态对齐动作迁移自制-完毕(1).json
vae,Wan2.1_VAE.pth,1,VAELoader,Wan 2.2 image to video,2572452,,https://civitai.com/api/download/models/2890303,https://civitai.com/models/2572452,Wan22_VBVR_Base(1).json
vae,Wan2.1_VAE.safetensors,1,WanVideoVAELoader,Wan 2.2 image to video,2572452,,https://civitai.com/api/download/models/2890303,https://civitai.com/models/2572452,Wan_OneToAllAnimation.json
vae,z\diffusion_pytorch_model.safetensors,1,VAELoader,V67 Photographic Filters,2551837,,https://civitai.com/api/download/models/2867790,https://civitai.com/models/2551837,Z+Controlnet.json
vae,Z-Image-Turbo-ae.safetensors,1,VAELoader,Eldritch Ink Art for Z-Image,2597137,,https://civitai.com/api/download/models/2917439,https://civitai.com/models/2597137,z+dype(1).json
vae,Z-Image\Z-image-vae.safetensors,1,VAELoader,Eldritch Ink Art for Z-Image,2597137,,https://civitai.com/api/download/models/2917439,https://civitai.com/models/2597137,Z-image-CN控制V2.1-姿势自由版(1).json
vae,Z-image-vae.safetensors,1,VAELoader,Eldritch Ink Art for Z-Image,2597137,,https://civitai.com/api/download/models/2917439,https://civitai.com/models/2597137,Z-image文生图+Qwen3反推提示词.json
vae,FLUX1/ae.safetensors,1,VAELoader,Kojika Kumari - Mahou Tsukai no Yoru,2599176,,https://civitai.com/api/download/models/2919694,https://civitai.com/models/2599176,z_image图像生成 (1).json
vae,ltx-2.3-22b-dev-fp8mixed.safetensors,1,LTXVAudioVAELoader,"LTX-2.3, simple workflow. T2V,  I2V, I2V external audio, FFLF",2593905,,https://civitai.com/api/download/models/2918575,https://civitai.com/models/2593905,【LTX2.3】四宫格生视频 (单采).json
vae,FLUX-2\flux2-vae.safetensors,1,VAELoader,MS LuisRoyo Style Flux.2 klein,2588084,,https://civitai.com/api/download/models/2907393,https://civitai.com/models/2588084,三采样-Aiden-zimageT+B+fluxklein采样.json
vae,Wan_2.1_vae_bf16.safetensors,1,WanVideoVAELoader,Wan Vace 2.1 Flow Archive,2570937,,https://civitai.com/api/download/models/2917676,https://civitai.com/models/2570937,克雷斯Cless-Scail+增加晃动lora+跳舞更诱人+自带提示词.json
vae,flux_vae.safetensors,1,VAELoader,Leather Style by Dever [FLUX + SDXL + Pony Exp],300588,,https://civitai.com/api/download/models/783500,https://civitai.com/models/300588,克雷斯Cless-Z-Image-Turbo 身材优化+丰满LoRA(1).json
vae,ltx23\LTX23_audio_vae_bf16-KJ.safetensors,1,LTXVAudioVAELoader,LTX2.3 All in one - ID LoRA + ControlNet + Detailer + Upscaler + Custom Audio + Keyframes,2553704,,https://civitai.com/api/download/models/2869945,https://civitai.com/models/2553704,视频去皮_8080(1).json
vae,LTX23_video_vae_bf16_KJ.safetensors,1,VAELoader,LTX2.3 All in one - ID LoRA + ControlNet + Detailer + Upscaler + Custom Audio + Keyframes,2553704,,https://civitai.com/api/download/models/2869945,https://civitai.com/models/2553704,谷歌2_wan2.2改LTX2.3首尾帧.json
vae,vae_approx/taeltx2_3.safetensors,1,VAELoader,Pony Diffusion V6 XL,257749,,https://civitai.com/api/download/models/290640,https://civitai.com/models/257749,谷歌2_wan2.2改LTX2.3首尾帧.json
vae,LTX23_audio_vae_bf16_KJ.safetensors,1,VAELoaderKJ,LTX2.3 All in one - ID LoRA + ControlNet + Detailer + Upscaler + Custom Audio + Keyframes,2553704,,https://civitai.com/api/download/models/2869945,https://civitai.com/models/2553704,谷歌2_wan2.2改LTX2.3首尾帧.json
vae,万相KJ\Wan2_1_VAE_bf16.safetensors,1,WanVideoVAELoader,Wan 2.2 image to video,2572452,,https://civitai.com/api/download/models/2890303,https://civitai.com/models/2572452,超级王炸 【分段队列】【 自动拼接长视频】【人物丝滑换装】By_肥猴(1).json
vae,wan\wan_2.1_vae.safetensors,1,WanVideoVAELoader,Wan Vace 2.1 Flow Archive,2570937,,https://civitai.com/api/download/models/2917676,https://civitai.com/models/2570937,（左眼）Wan2_1-MiniMaxRemover_去除移动水印工作流(1).json
